{
    "news_breaking_ebola-20141024_120404-20141024_131233-20141024_133137": {
        "polarity": 0.089796241399502277, 
        "mediaCount": 8, 
        "verified": 6.0, 
        "truth": 0, 
        "density": 0.0060910613674432772, 
        "ages": 100015915.02943262, 
        "lifespan": 231, 
        "mentionCount": 35, 
        "urlCount": 81, 
        "retweetCount": 186, 
        "followers": 18422.306617295748, 
        "status_count": 38612.974533017623, 
        "hashtagCount": 40, 
        "objectivity": 0.40622896455076379, 
        "friends": 1100.7380952380954, 
        "tweetCount": 10
    }, 
    "kim_park_winner-20141027_042412-20141027_055036": {
        "polarity": 0.042786994660564417, 
        "mediaCount": 0, 
        "verified": 0.0, 
        "truth": 0, 
        "density": 0.03060713184441214, 
        "ages": 78178084.021276593, 
        "lifespan": 42, 
        "mentionCount": 2, 
        "urlCount": 0, 
        "retweetCount": 57, 
        "followers": 379.36206896551727, 
        "status_count": 27290.415094339623, 
        "hashtagCount": 2, 
        "objectivity": 0.61484848484848498, 
        "friends": 353.54545454545456, 
        "tweetCount": 1
    }, 
    "attack_#charliehebdo_paris-20150107_072714-20150107_085144": {
        "polarity": -0.024149083792908796, 
        "mediaCount": 34, 
        "verified": 13.0, 
        "truth": 1, 
        "density": 0.0015553308966482619, 
        "ages": 107801344.468107, 
        "lifespan": 860, 
        "mentionCount": 54, 
        "urlCount": 120, 
        "retweetCount": 1106, 
        "followers": 8106.5884652981431, 
        "status_count": 25391.666376306621, 
        "hashtagCount": 160, 
        "objectivity": 0.29266088038713356, 
        "friends": 930.09596774193551, 
        "tweetCount": 0
    }, 
    "oscar_renta_fashion-20141021_035622-20141021_052319": {
        "polarity": 0.21602860499833482, 
        "mediaCount": 64, 
        "verified": 14.0, 
        "truth": 1, 
        "density": 0.0012643584822598897, 
        "ages": 103639869.01345292, 
        "lifespan": 490, 
        "mentionCount": 96, 
        "urlCount": 304, 
        "retweetCount": 721, 
        "followers": 20393.113257243196, 
        "status_count": 27609.141187925998, 
        "hashtagCount": 123, 
        "objectivity": 0.45070161210691867, 
        "friends": 810.26144455747715, 
        "tweetCount": 68
    }, 
    "bobbi_kristina_family-20150205_132607-20150205_142608": {
        "polarity": -0.064271759259259251, 
        "mediaCount": 35, 
        "verified": 3.0, 
        "truth": 0, 
        "density": 0.0031937759210486482, 
        "ages": 107516939.86060236, 
        "lifespan": 507, 
        "mentionCount": 70, 
        "urlCount": 193, 
        "retweetCount": 390, 
        "followers": 13754.959832619068, 
        "status_count": 50980.203634085206, 
        "hashtagCount": 29, 
        "objectivity": 0.31747100635989522, 
        "friends": 1150.4308285008592, 
        "tweetCount": 24
    }, 
    "bobby_whitney_movie-20150117_210028-20150117_220949": {
        "polarity": 0.12113095238095238, 
        "mediaCount": 0, 
        "verified": 0.0, 
        "truth": 0, 
        "density": 0.0080627099664053754, 
        "ages": 129687110.43214756, 
        "lifespan": 89, 
        "mentionCount": 10, 
        "urlCount": 7, 
        "retweetCount": 54, 
        "followers": 2407.5878678283743, 
        "status_count": 33798.744871794872, 
        "hashtagCount": 32, 
        "objectivity": 0.37666660067574698, 
        "friends": 858.3416666666667, 
        "tweetCount": 36
    }, 
    "lance_stephenson_win-20141107_203335-20141107_215719": {
        "polarity": 0.69999999999999996, 
        "mediaCount": 0, 
        "verified": 0.0, 
        "truth": 1, 
        "density": 0.036004645760743324, 
        "ages": 82998262.442708343, 
        "lifespan": 29, 
        "mentionCount": 1, 
        "urlCount": 1, 
        "retweetCount": 42, 
        "followers": 606.94367816091949, 
        "status_count": 21163.864557739558, 
        "hashtagCount": 2, 
        "objectivity": 0.30238095238095236, 
        "friends": 529.40725288831834, 
        "tweetCount": 2
    }, 
    "queen_first_tweet-20141024_075554-20141024_090342": {
        "polarity": 0.21242739839635111, 
        "mediaCount": 17, 
        "verified": 3.0, 
        "truth": 1, 
        "density": 0.004558825219413201, 
        "ages": 100387780.2779661, 
        "lifespan": 314, 
        "mentionCount": 46, 
        "urlCount": 159, 
        "retweetCount": 235, 
        "followers": 2422.0086206896553, 
        "status_count": 32381.218518518519, 
        "hashtagCount": 54, 
        "objectivity": 0.34764538598493827, 
        "friends": 875.95652173913038, 
        "tweetCount": 8
    }, 
    "super_win_bowl-20150130_135705-20150130_151532": {
        "polarity": 0.51462540052071926, 
        "mediaCount": 24, 
        "verified": 1.0, 
        "truth": 0, 
        "density": 0.002972231021011509, 
        "ages": 81126354.819444448, 
        "lifespan": 782, 
        "mentionCount": 139, 
        "urlCount": 120, 
        "retweetCount": 679, 
        "followers": 2657.7894168466523, 
        "status_count": 22312.121765601216, 
        "hashtagCount": 73, 
        "objectivity": 0.50847768184377551, 
        "friends": 1600.9481065918653, 
        "tweetCount": 82
    }, 
    "eddie_redmayne_actor-20150223_013601-20150223_023350": {
        "polarity": 0.49891351296881725, 
        "mediaCount": 35, 
        "verified": 7.0, 
        "truth": 1, 
        "density": 0.0015494238794100305, 
        "ages": 109049458.71592644, 
        "lifespan": 355, 
        "mentionCount": 38, 
        "urlCount": 106, 
        "retweetCount": 436, 
        "followers": 11643.608318409908, 
        "status_count": 25951.596853015799, 
        "hashtagCount": 95, 
        "objectivity": 0.24694258208698641, 
        "friends": 855.50048431476853, 
        "tweetCount": 64
    }, 
    "god_thank_ebola-20141020_075900-20141020_090750": {
        "polarity": 0.13997233235514489, 
        "mediaCount": 1, 
        "verified": 0.0, 
        "truth": 0, 
        "density": 0.03951545530492899, 
        "ages": 83418281.909090906, 
        "lifespan": 26, 
        "mentionCount": 4, 
        "urlCount": 3, 
        "retweetCount": 8, 
        "followers": 2383.1999999999998, 
        "status_count": 28994.0, 
        "hashtagCount": 6, 
        "objectivity": 0.42472470238095239, 
        "friends": 1224.0526315789473, 
        "tweetCount": 9
    }, 
    "year_city_liverpool-20141231_071741-20141231_081731": {
        "polarity": 0.14666305916305916, 
        "mediaCount": 0, 
        "verified": 0.0, 
        "truth": 0, 
        "density": 0.089285714285714274, 
        "ages": 72608842.75, 
        "lifespan": 9, 
        "mentionCount": 0, 
        "urlCount": 4, 
        "retweetCount": 5, 
        "followers": 1185.1071428571429, 
        "status_count": 57693.466666666667, 
        "hashtagCount": 1, 
        "objectivity": 0.3023358585858586, 
        "friends": 593.71428571428578, 
        "tweetCount": 0
    }, 
    "championship_ohio_national-20150101_233743-20150102_004727": {
        "polarity": -0.095231229531250516, 
        "mediaCount": 5, 
        "verified": 4.0, 
        "truth": 1, 
        "density": 0.0039120025297014046, 
        "ages": 87473580.088049769, 
        "lifespan": 239, 
        "mentionCount": 9, 
        "urlCount": 25, 
        "retweetCount": 434, 
        "followers": 900.60439468754032, 
        "status_count": 15023.400772910485, 
        "hashtagCount": 19, 
        "objectivity": 0.32395199862604174, 
        "friends": 614.99030950188603, 
        "tweetCount": 41
    }, 
    "joshane_event_give-20141214_235644-20141215_010737": {
        "polarity": 0.067297621673006056, 
        "mediaCount": 15, 
        "verified": 0.0, 
        "truth": 0, 
        "density": 0.0073367230851384925, 
        "ages": 36843623.221472263, 
        "lifespan": 595, 
        "mentionCount": 99, 
        "urlCount": 0, 
        "retweetCount": 543, 
        "followers": 499.27540806293018, 
        "status_count": 24059.483105825111, 
        "hashtagCount": 149, 
        "objectivity": 0.11761484660626291, 
        "friends": 519.82821733821731, 
        "tweetCount": 100
    }, 
    "scott_stuart_tonight-20150105_003254-20150105_013938-20150105_020207": {
        "polarity": -0.056159875049969762, 
        "mediaCount": 11, 
        "verified": 0.0, 
        "truth": 1, 
        "density": 0.0046565335907320475, 
        "ages": 100144256.97984886, 
        "lifespan": 294, 
        "mentionCount": 17, 
        "urlCount": 5, 
        "retweetCount": 538, 
        "followers": 511.0, 
        "status_count": 15163.286082474227, 
        "hashtagCount": 9, 
        "objectivity": 0.51346356566236073, 
        "friends": 495.24874371859295, 
        "tweetCount": 3
    }, 
    "liverpool_qpr_goals-20141019_065743-20141019_081304": {
        "polarity": 0.20298552022689956, 
        "mediaCount": 0, 
        "verified": 1.0, 
        "truth": 1, 
        "density": 0.016040688575899843, 
        "ages": 88793382.408450708, 
        "lifespan": 46, 
        "mentionCount": 5, 
        "urlCount": 3, 
        "retweetCount": 55, 
        "followers": 825.88524590163934, 
        "status_count": 19723.700000000001, 
        "hashtagCount": 3, 
        "objectivity": 0.53793290043290054, 
        "friends": 580.02173913043475, 
        "tweetCount": 15
    }, 
    "plane_crash_transasia-20150203_225646-20150204_000057": {
        "polarity": 0.0069400937791225525, 
        "mediaCount": 24, 
        "verified": 5.0, 
        "truth": 1, 
        "density": 0.0046530613159763414, 
        "ages": 110728625.8888889, 
        "lifespan": 322, 
        "mentionCount": 44, 
        "urlCount": 141, 
        "retweetCount": 351, 
        "followers": 3131.6867469879517, 
        "status_count": 34566.135593220337, 
        "hashtagCount": 50, 
        "objectivity": 0.32781604507755313, 
        "friends": 1025.5574712643679, 
        "tweetCount": 8
    }, 
    "#charliehebdo_paris_attack-20150107_072714-20150107_085144": {
        "polarity": -0.022216220150313937, 
        "mediaCount": 35, 
        "verified": 15.0, 
        "truth": 1, 
        "density": 0.0015015924091597121, 
        "ages": 107666245.96484466, 
        "lifespan": 905, 
        "mentionCount": 52, 
        "urlCount": 123, 
        "retweetCount": 1148, 
        "followers": 8325.976354230068, 
        "status_count": 25504.109048439175, 
        "hashtagCount": 163, 
        "objectivity": 0.28927289902451192, 
        "friends": 933.51342617270791, 
        "tweetCount": 0
    }, 
    "rocket_after_live-20141028_190105-20141028_200824": {
        "polarity": 0.028846500721500717, 
        "mediaCount": 2, 
        "verified": 3.0, 
        "truth": 1, 
        "density": 0.089285714285714274, 
        "ages": 149721023.2857143, 
        "lifespan": 18, 
        "mentionCount": 2, 
        "urlCount": 6, 
        "retweetCount": 13, 
        "followers": 5012.4705882352937, 
        "status_count": 14391.461538461539, 
        "hashtagCount": 4, 
        "objectivity": 0.28098290598290598, 
        "friends": 1147.1333333333334, 
        "tweetCount": 1
    }, 
    "senate_keystone_bill-20141118_182952-20141118_193038": {
        "polarity": -0.074499088103254757, 
        "mediaCount": 11, 
        "verified": 6.5, 
        "truth": 1, 
        "density": 0.0044052863436123352, 
        "ages": 108640422.06321746, 
        "lifespan": 227, 
        "mentionCount": 38, 
        "urlCount": 134, 
        "retweetCount": 163, 
        "followers": 3632.5016664495397, 
        "status_count": 41186.831431270424, 
        "hashtagCount": 41, 
        "objectivity": 0.2108033312642251, 
        "friends": 1343.1308241252302, 
        "tweetCount": 7
    }, 
    "police_sydney_#sydneysiege-20141215_123813-20141215_133729": {
        "polarity": 0.052851196273794421, 
        "mediaCount": 10, 
        "verified": 7.0, 
        "truth": 1, 
        "density": 0.0068390325271059215, 
        "ages": 110424675.16831683, 
        "lifespan": 282, 
        "mentionCount": 15, 
        "urlCount": 29, 
        "retweetCount": 313, 
        "followers": 9807.6056338028175, 
        "status_count": 32402.507092198583, 
        "hashtagCount": 43, 
        "objectivity": 0.27914974775439894, 
        "friends": 1137.1774193548388, 
        "tweetCount": 0
    }, 
    "baylor_kicker_dead-20150101_161018-20150101_173005": {
        "polarity": -0.1904471983569665, 
        "mediaCount": 0, 
        "verified": 0.0, 
        "truth": 0, 
        "density": 0.0060277275467148887, 
        "ages": 95274372.40476191, 
        "lifespan": 172, 
        "mentionCount": 25, 
        "urlCount": 27, 
        "retweetCount": 306, 
        "followers": 529.2611940298508, 
        "status_count": 10639.956756756757, 
        "hashtagCount": 3, 
        "objectivity": 0.40200989083576688, 
        "friends": 424.10727969348659, 
        "tweetCount": 9
    }, 
    "#grammys_looks_flawless-20150208_183650-20150208_194148": {
        "polarity": 0.94871794871794868, 
        "mediaCount": 0, 
        "verified": 0.0, 
        "truth": 0, 
        "density": 0.059999999999999998, 
        "ages": 71398252.457602352, 
        "lifespan": 33, 
        "mentionCount": 4, 
        "urlCount": 0, 
        "retweetCount": 34, 
        "followers": 2853.8940217391305, 
        "status_count": 19251.878560719641, 
        "hashtagCount": 7, 
        "objectivity": 0.95192307692307687, 
        "friends": 1427.1313043478262, 
        "tweetCount": 0
    }, 
    "coach_tomsula_head-20150114_172352-20150114_182507": {
        "polarity": 0.066585221751038079, 
        "mediaCount": 8, 
        "verified": 3.0, 
        "truth": 1, 
        "density": 0.010607915136678907, 
        "ages": 106697422.28721803, 
        "lifespan": 171, 
        "mentionCount": 13, 
        "urlCount": 60, 
        "retweetCount": 142, 
        "followers": 7287.3736045513097, 
        "status_count": 29410.139182692306, 
        "hashtagCount": 36, 
        "objectivity": 0.24219608929430358, 
        "friends": 993.63477135461608, 
        "tweetCount": 9
    }, 
    "killed_hostage_isis-20150206_144013-20150206_155447": {
        "polarity": -0.079588101568570324, 
        "mediaCount": 9, 
        "verified": 5.0, 
        "truth": 0, 
        "density": 0.0062111331611931627, 
        "ages": 102055272.21052632, 
        "lifespan": 180, 
        "mentionCount": 16, 
        "urlCount": 92, 
        "retweetCount": 98, 
        "followers": 170981.14285714287, 
        "status_count": 67812.190476190473, 
        "hashtagCount": 30, 
        "objectivity": 0.087410909219478389, 
        "friends": 1607.6434108527133, 
        "tweetCount": 12
    }, 
    "east_nfc_cowboys-20141221_195143-20141221_211310": {
        "polarity": 0.1564794352899192, 
        "mediaCount": 14, 
        "verified": 3.0, 
        "truth": 1, 
        "density": 0.0056241734605308727, 
        "ages": 98552295.433333337, 
        "lifespan": 254, 
        "mentionCount": 28, 
        "urlCount": 42, 
        "retweetCount": 469, 
        "followers": 3376.3024118738404, 
        "status_count": 24823.936329588014, 
        "hashtagCount": 37, 
        "objectivity": 0.34470077256938358, 
        "friends": 683.26952141057939, 
        "tweetCount": 34
    }, 
    "president_news_obama-20150216_112809-20150216_123715": {
        "polarity": -0.0022459586555331253, 
        "mediaCount": 10, 
        "verified": 5.0, 
        "truth": 0, 
        "density": 0.0040175532723673059, 
        "ages": 83586433.553571433, 
        "lifespan": 334, 
        "mentionCount": 23, 
        "urlCount": 205, 
        "retweetCount": 143, 
        "followers": 3747.7816091954023, 
        "status_count": 53223.738993710693, 
        "hashtagCount": 54, 
        "objectivity": 0.20288048187785052, 
        "friends": 1154.4912280701753, 
        "tweetCount": 2
    }, 
    "#orion_launch_watch-20141205_055930-20141205_070834": {
        "polarity": 0.1183699879683259, 
        "mediaCount": 9, 
        "verified": 10.0, 
        "truth": 1, 
        "density": 0.0081447963800904983, 
        "ages": 114207848.46780612, 
        "lifespan": 271, 
        "mentionCount": 15, 
        "urlCount": 28, 
        "retweetCount": 337, 
        "followers": 5826.0582896329161, 
        "status_count": 14688.66562645552, 
        "hashtagCount": 31, 
        "objectivity": 0.31569578032888612, 
        "friends": 690.54308390022675, 
        "tweetCount": 0
    }, 
    "ebola_obama_said-20141017_081818-20141017_092258": {
        "polarity": 0.093743773798984298, 
        "mediaCount": 2, 
        "verified": 0.0, 
        "truth": 0, 
        "density": 0.011608960036817811, 
        "ages": 89856734.730769232, 
        "lifespan": 96, 
        "mentionCount": 15, 
        "urlCount": 40, 
        "retweetCount": 42, 
        "followers": 2051.8039215686276, 
        "status_count": 36809.725490196077, 
        "hashtagCount": 12, 
        "objectivity": 0.31534241573086341, 
        "friends": 1602.0, 
        "tweetCount": 8
    }, 
    "birthday_king_martin-20150115_170445-20150115_182144": {
        "polarity": 0.64327489898204682, 
        "mediaCount": 33, 
        "verified": 5.0, 
        "truth": 1, 
        "density": 0.0024428409001362138, 
        "ages": 105092761.85882352, 
        "lifespan": 428, 
        "mentionCount": 39, 
        "urlCount": 66, 
        "retweetCount": 327, 
        "followers": 8868.5826086956513, 
        "status_count": 36476.216981132078, 
        "hashtagCount": 26, 
        "objectivity": 0.82812500386077015, 
        "friends": 1448.6122448979593, 
        "tweetCount": 80
    }, 
    "smith_dean_coach-20150208_083844-20150208_093052": {
        "polarity": 0.35971382256860374, 
        "mediaCount": 16, 
        "verified": 9.0, 
        "truth": 1, 
        "density": 0.0027074341374794171, 
        "ages": 113376985.05966587, 
        "lifespan": 256, 
        "mentionCount": 22, 
        "urlCount": 85, 
        "retweetCount": 507, 
        "followers": 2175.7820512820513, 
        "status_count": 25523.462890625, 
        "hashtagCount": 36, 
        "objectivity": 0.55307010545997692, 
        "friends": 831.73260073260076, 
        "tweetCount": 26
    }, 
    "parliament_police_shooting-20141022_113914-20141022_122656-20141022_123607-20141022_134245": {
        "polarity": 0.023727321153791746, 
        "mediaCount": 4, 
        "verified": 4.0, 
        "truth": 1, 
        "density": 0.0073984258045606266, 
        "ages": 114145131.05623657, 
        "lifespan": 175, 
        "mentionCount": 7, 
        "urlCount": 54, 
        "retweetCount": 174, 
        "followers": 14029.71798936776, 
        "status_count": 31009.472549019607, 
        "hashtagCount": 18, 
        "objectivity": 0.15856413050290599, 
        "friends": 1053.4750915750915, 
        "tweetCount": 4
    }, 
    "giants_win_series-20141029_224319-20141029_234451": {
        "polarity": 0.48052889711795754, 
        "mediaCount": 21, 
        "verified": 11.0, 
        "truth": 1, 
        "density": 0.0016878063570670574, 
        "ages": 96116250.009916306, 
        "lifespan": 393, 
        "mentionCount": 53, 
        "urlCount": 171, 
        "retweetCount": 554, 
        "followers": 2510.9229450290677, 
        "status_count": 28325.662198628779, 
        "hashtagCount": 96, 
        "objectivity": 0.40306055757002984, 
        "friends": 691.05329429861899, 
        "tweetCount": 95
    }, 
    "eagles_win_redskins-20141220_172538-20141220_184434": {
        "polarity": 0.48202662721893491, 
        "mediaCount": 0, 
        "verified": 0.0, 
        "truth": 1, 
        "density": 0.034274193548387094, 
        "ages": 90208368.888888896, 
        "lifespan": 31, 
        "mentionCount": 4, 
        "urlCount": 9, 
        "retweetCount": 19, 
        "followers": 608.125, 
        "status_count": 24699.069930069931, 
        "hashtagCount": 7, 
        "objectivity": 0.40938228438228452, 
        "friends": 644.97342995169083, 
        "tweetCount": 5
    }, 
    "next_coach_michigan-20141217_174901-20141217_191126": {
        "polarity": 0.022154471544715448, 
        "mediaCount": 2, 
        "verified": 0.0, 
        "truth": 0, 
        "density": 0.045413298135621186, 
        "ages": 101766030.2383592, 
        "lifespan": 53, 
        "mentionCount": 6, 
        "urlCount": 6, 
        "retweetCount": 56, 
        "followers": 1671.25, 
        "status_count": 15930.228961748633, 
        "hashtagCount": 5, 
        "objectivity": 0.037279810298102983, 
        "friends": 1304.3917207792206, 
        "tweetCount": 1
    }, 
    "coach_jack_del-20150114_145313-20150114_151341-20150114_162116": {
        "polarity": 0.078535533471591715, 
        "mediaCount": 7, 
        "verified": 3.0, 
        "truth": 1, 
        "density": 0.010566917077268787, 
        "ages": 97722391.302752286, 
        "lifespan": 232, 
        "mentionCount": 29, 
        "urlCount": 51, 
        "retweetCount": 224, 
        "followers": 2155.1346153846152, 
        "status_count": 29663.72480620155, 
        "hashtagCount": 24, 
        "objectivity": 0.21912396354297758, 
        "friends": 707.08791208791206, 
        "tweetCount": 13
    }, 
    "iggy_fuck_grammy-20150208_183650-20150208_194148": {
        "polarity": -0.091666666666666674, 
        "mediaCount": 0, 
        "verified": 0.0, 
        "truth": 0, 
        "density": 0.12222222222222222, 
        "ages": 56607068.166666672, 
        "lifespan": 7, 
        "mentionCount": 0, 
        "urlCount": 0, 
        "retweetCount": 4, 
        "followers": 1980.6166666666668, 
        "status_count": 18442.416666666664, 
        "hashtagCount": 0, 
        "objectivity": 0.49166666666666664, 
        "friends": 1277.25, 
        "tweetCount": 3
    }, 
    "win_nfc_north-20141228_185636-20141228_200329": {
        "polarity": 0.67894388327721644, 
        "mediaCount": 5, 
        "verified": 1.0, 
        "truth": 1, 
        "density": 0.027280477408354646, 
        "ages": 93193864.213736266, 
        "lifespan": 95, 
        "mentionCount": 12, 
        "urlCount": 17, 
        "retweetCount": 121, 
        "followers": 783.74561994609167, 
        "status_count": 19242.433583959901, 
        "hashtagCount": 7, 
        "objectivity": 0.41000000000000014, 
        "friends": 448.69214285714287, 
        "tweetCount": 3
    }, 
    "manchester_derby_great-20141102_034232-20141102_045904": {
        "polarity": 0.62, 
        "mediaCount": 1, 
        "verified": 0.0, 
        "truth": 0, 
        "density": 0.1380952380952381, 
        "ages": 81110933.666666672, 
        "lifespan": 10, 
        "mentionCount": 3, 
        "urlCount": 2, 
        "retweetCount": 5, 
        "followers": 10990.444444444445, 
        "status_count": 31715.666666666668, 
        "hashtagCount": 1, 
        "objectivity": 0.59624999999999995, 
        "friends": 311.83333333333331, 
        "tweetCount": 0
    }, 
    "bowl_pro_odell-20150125_184901-20150125_184943-20150125_191609-20150125_201957": {
        "polarity": 0.059159499920369486, 
        "mediaCount": 2, 
        "verified": 0.0, 
        "truth": 1, 
        "density": 0.021702306741366161, 
        "ages": 86279689.049999997, 
        "lifespan": 148, 
        "mentionCount": 4, 
        "urlCount": 17, 
        "retweetCount": 168, 
        "followers": 587.07500000000005, 
        "status_count": 15241.3125, 
        "hashtagCount": 4, 
        "objectivity": 0.12548895559795009, 
        "friends": 544.88750000000005, 
        "tweetCount": 2
    }, 
    "#charliehebdo_attack_paris-20150107_072714-20150107_085144": {
        "polarity": -0.022535142996071976, 
        "mediaCount": 32, 
        "verified": 11.0, 
        "truth": 1, 
        "density": 0.0016246792526034548, 
        "ages": 108265903.50088809, 
        "lifespan": 814, 
        "mentionCount": 49, 
        "urlCount": 113, 
        "retweetCount": 1046, 
        "followers": 8050.8827586206899, 
        "status_count": 25299.954465849387, 
        "hashtagCount": 153, 
        "objectivity": 0.2938755230192282, 
        "friends": 929.09382151029752, 
        "tweetCount": 0
    }, 
    "patriots_east_afc-20141214_152337-20141214_162911": {
        "polarity": 0.21928021570829895, 
        "mediaCount": 6, 
        "verified": 0.0, 
        "truth": 1, 
        "density": 0.0091693898453884797, 
        "ages": 90154098.019354835, 
        "lifespan": 142, 
        "mentionCount": 15, 
        "urlCount": 35, 
        "retweetCount": 207, 
        "followers": 834.05333333333328, 
        "status_count": 25682.969230769231, 
        "hashtagCount": 25, 
        "objectivity": 0.25750307162541441, 
        "friends": 635.77832512315274, 
        "tweetCount": 5
    }, 
    "king_martin_luther-20150119_105337-20150119_115612": {
        "polarity": 0.16502703565218066, 
        "mediaCount": 365, 
        "verified": 56.0, 
        "truth": 1, 
        "density": 0.00019051909000582191, 
        "ages": 95594463.491880268, 
        "lifespan": 3175, 
        "mentionCount": 484, 
        "urlCount": 1502, 
        "retweetCount": 4471, 
        "followers": 4220.5863390564145, 
        "status_count": 25100.252598424609, 
        "hashtagCount": 685, 
        "objectivity": 0.34373402953270399, 
        "friends": 1468.5429229247356, 
        "tweetCount": 692
    }, 
    "diem_brown_cancer-20141114_113231-20141114_113307-20141114_125500": {
        "polarity": -0.012354177016062265, 
        "mediaCount": 41, 
        "verified": 0.0, 
        "truth": 1, 
        "density": 0.0041741704010833302, 
        "ages": 107783148.36609629, 
        "lifespan": 319, 
        "mentionCount": 56, 
        "urlCount": 174, 
        "retweetCount": 299, 
        "followers": 1248.6611825904949, 
        "status_count": 26323.129607446375, 
        "hashtagCount": 34, 
        "objectivity": 0.35718864468864475, 
        "friends": 626.73805191654537, 
        "tweetCount": 9
    }, 
    "eric_garner_death-20141203_141317-20141203_144502-20141203_155705-20141203_155951": {
        "polarity": 0.1512927950989042, 
        "mediaCount": 47, 
        "verified": 13.0, 
        "truth": 1, 
        "density": 0.0010299310286381086, 
        "ages": 110119289.53196961, 
        "lifespan": 689, 
        "mentionCount": 114, 
        "urlCount": 294, 
        "retweetCount": 1867, 
        "followers": 1823.8128085933395, 
        "status_count": 32453.160052080362, 
        "hashtagCount": 88, 
        "objectivity": 0.48374181739705935, 
        "friends": 812.84013553839134, 
        "tweetCount": 49
    }, 
    "#oscartrial_roux_him-20141017_021821-20141017_040749": {
        "polarity": -0.40000000000000002, 
        "mediaCount": 0, 
        "verified": 0.0, 
        "truth": 0, 
        "density": 0.13333333333333333, 
        "ages": 99094974.125, 
        "lifespan": 5, 
        "mentionCount": 0, 
        "urlCount": 0, 
        "retweetCount": 2, 
        "followers": 1114.5, 
        "status_count": 9708.3333333333321, 
        "hashtagCount": 3, 
        "objectivity": 0.45000000000000001, 
        "friends": 540.0, 
        "tweetCount": 0
    }, 
    "senzo_south_meyiwa-20141027_010908-20141027_024639": {
        "polarity": -0.25363764412997908, 
        "mediaCount": 11, 
        "verified": 2.0, 
        "truth": 1, 
        "density": 0.0033523908523908526, 
        "ages": 89352726.874340445, 
        "lifespan": 375, 
        "mentionCount": 26, 
        "urlCount": 91, 
        "retweetCount": 494, 
        "followers": 1002.3959677209593, 
        "status_count": 22272.709975016383, 
        "hashtagCount": 26, 
        "objectivity": 0.45756625566893427, 
        "friends": 597.47366332286288, 
        "tweetCount": 17
    }, 
    "jon_show_stewart-20150210_234258-20150211_011223": {
        "polarity": 0.018983013218237255, 
        "mediaCount": 40, 
        "verified": 17.0, 
        "truth": 1, 
        "density": 0.0012086596637095877, 
        "ages": 113020204.28629032, 
        "lifespan": 474, 
        "mentionCount": 132, 
        "urlCount": 402, 
        "retweetCount": 549, 
        "followers": 4958.9328165374673, 
        "status_count": 36173.515669515669, 
        "hashtagCount": 90, 
        "objectivity": 0.14807557155745657, 
        "friends": 1502.1741935483872, 
        "tweetCount": 85
    }, 
    "king_saudi_abdullah-20150122_171213-20150122_181807-20150122_191647": {
        "polarity": 0.023737080033306168, 
        "mediaCount": 22, 
        "verified": 4.0, 
        "truth": 1, 
        "density": 0.0013785369540838771, 
        "ages": 94606462.651090339, 
        "lifespan": 834, 
        "mentionCount": 64, 
        "urlCount": 315, 
        "retweetCount": 669, 
        "followers": 2397.1324675324677, 
        "status_count": 42169.217475728154, 
        "hashtagCount": 89, 
        "objectivity": 0.24948909948072909, 
        "friends": 1171.996303142329, 
        "tweetCount": 30
    }, 
    "banks_ernie_cubs-20150123_232020-20150124_002601": {
        "polarity": 0.20578282828282826, 
        "mediaCount": 11, 
        "verified": 3.0, 
        "truth": 1, 
        "density": 0.0052263525947736471, 
        "ages": 105341964.41547853, 
        "lifespan": 339, 
        "mentionCount": 22, 
        "urlCount": 70, 
        "retweetCount": 309, 
        "followers": 1188.6396363898709, 
        "status_count": 26942.750287604256, 
        "hashtagCount": 34, 
        "objectivity": 0.3566198968039459, 
        "friends": 850.28820695193303, 
        "tweetCount": 8
    }, 
    "kobe_dwight_something-20141029_080253-20141029_090256": {
        "polarity": 0.13333333333333333, 
        "mediaCount": 0, 
        "verified": 0.0, 
        "truth": 0, 
        "density": 0.26666666666666666, 
        "ages": 148417840.0, 
        "lifespan": 3, 
        "mentionCount": 1, 
        "urlCount": 0, 
        "retweetCount": 1, 
        "followers": 1220.75, 
        "status_count": 32924.0, 
        "hashtagCount": 0, 
        "objectivity": 0.20833333333333334, 
        "friends": 1349.0, 
        "tweetCount": 1
    }, 
    "game_seahawks_win-20150110_225406-20150111_000804": {
        "polarity": 0.19644713061992472, 
        "mediaCount": 0, 
        "verified": 0.0, 
        "truth": 1, 
        "density": 0.017754758087721464, 
        "ages": 89572596.281690136, 
        "lifespan": 64, 
        "mentionCount": 7, 
        "urlCount": 2, 
        "retweetCount": 60, 
        "followers": 527.22727272727275, 
        "status_count": 17298.090909090908, 
        "hashtagCount": 5, 
        "objectivity": 0.46200132275132272, 
        "friends": 661.40425531914889, 
        "tweetCount": 10
    }, 
    "god_golden_awards-20150115_101528-20150115_104504-20150115_104544-20150115_105409-20150115_105707-20150115_115249": {
        "polarity": 0.29249999999999998, 
        "mediaCount": 1, 
        "verified": 0.0, 
        "truth": 0, 
        "density": 0.16994949494949496, 
        "ages": 91079510.125, 
        "lifespan": 10, 
        "mentionCount": 1, 
        "urlCount": 0, 
        "retweetCount": 9, 
        "followers": 1756.5999999999999, 
        "status_count": 57487.75, 
        "hashtagCount": 0, 
        "objectivity": 0.48749999999999999, 
        "friends": 563.0, 
        "tweetCount": 0
    }, 
    "hazard_chelsea_contract-20150212_082825-20150212_093808": {
        "polarity": 0.16992486068101942, 
        "mediaCount": 3, 
        "verified": 1.0, 
        "truth": 1, 
        "density": 0.0094922370965107757, 
        "ages": 90396757.859308019, 
        "lifespan": 135, 
        "mentionCount": 10, 
        "urlCount": 39, 
        "retweetCount": 157, 
        "followers": 1046.0458337030791, 
        "status_count": 23850.016933497536, 
        "hashtagCount": 13, 
        "objectivity": 0.4653619528619527, 
        "friends": 508.14767422120366, 
        "tweetCount": 3
    }, 
    "streak_hawks_game-20150202_215501-20150202_220839-20150202_222455-20150202_224728-20150202_225152-20150202_225510-20150202_231428-20150202_232847-20150202_233339-20150202_233703": {
        "polarity": 0.32070580808080812, 
        "mediaCount": 0, 
        "verified": 1.0, 
        "truth": 1, 
        "density": 0.019419630581155083, 
        "ages": 88997280.923293456, 
        "lifespan": 79, 
        "mentionCount": 6, 
        "urlCount": 22, 
        "retweetCount": 55, 
        "followers": 1423.7986497890295, 
        "status_count": 32933.003163503163, 
        "hashtagCount": 9, 
        "objectivity": 0.46588477366255143, 
        "friends": 654.77777777777783, 
        "tweetCount": 6
    }, 
    "scott_cancer_long-20150104_092526-20150104_101520": {
        "polarity": -0.051920967117232361, 
        "mediaCount": 61, 
        "verified": 6.0, 
        "truth": 1, 
        "density": 0.0014433113311930756, 
        "ages": 97111259.007364497, 
        "lifespan": 351, 
        "mentionCount": 67, 
        "urlCount": 24, 
        "retweetCount": 1500, 
        "followers": 2368.8107653445127, 
        "status_count": 12764.416077564409, 
        "hashtagCount": 10, 
        "objectivity": 0.40551075268817205, 
        "friends": 486.19071205220467, 
        "tweetCount": 9
    }, 
    "years_pistorius_oscar-20141021_035622-20141021_052319": {
        "polarity": 1.457283464420835e-05, 
        "mediaCount": 18, 
        "verified": 12.0, 
        "truth": 1, 
        "density": 0.0020584935834976757, 
        "ages": 100026478.08433735, 
        "lifespan": 200, 
        "mentionCount": 38, 
        "urlCount": 171, 
        "retweetCount": 261, 
        "followers": 11183.208092485549, 
        "status_count": 34430.456185567011, 
        "hashtagCount": 58, 
        "objectivity": 0.15327498278401475, 
        "friends": 1387.2526315789473, 
        "tweetCount": 39
    }, 
    "ernie_banks_cub-20150123_232020-20150124_002601": {
        "polarity": 0.24488528654433125, 
        "mediaCount": 7, 
        "verified": 5.0, 
        "truth": 1, 
        "density": 0.004059509727551619, 
        "ages": 101212747.31111111, 
        "lifespan": 300, 
        "mentionCount": 15, 
        "urlCount": 69, 
        "retweetCount": 258, 
        "followers": 1781.5, 
        "status_count": 23212.324817518249, 
        "hashtagCount": 37, 
        "objectivity": 0.42036630028586547, 
        "friends": 635.26666666666665, 
        "tweetCount": 20
    }, 
    "ebola_news_check-20141025_074500-20141025_085012": {
        "polarity": 0.050736531986531989, 
        "mediaCount": 1, 
        "verified": 0.0, 
        "truth": 0, 
        "density": 0.04048582995951417, 
        "ages": 140975740.1724138, 
        "lifespan": 49, 
        "mentionCount": 28, 
        "urlCount": 39, 
        "retweetCount": 12, 
        "followers": 7272.2480158730159, 
        "status_count": 33819.119540873464, 
        "hashtagCount": 31, 
        "objectivity": 0.1142857142857143, 
        "friends": 1279.8537915984725, 
        "tweetCount": 0
    }, 
    "bobby_shmurda_over-20141218_213144-20141218_223901": {
        "polarity": 0.01013986013986014, 
        "mediaCount": 1, 
        "verified": 0.0, 
        "truth": 0, 
        "density": 0.050125313283208017, 
        "ages": 90485755.058823526, 
        "lifespan": 18, 
        "mentionCount": 2, 
        "urlCount": 0, 
        "retweetCount": 11, 
        "followers": 1485.0, 
        "status_count": 31832.066666666666, 
        "hashtagCount": 0, 
        "objectivity": 0.11170454545454545, 
        "friends": 649.57142857142856, 
        "tweetCount": 5
    }, 
    "tom_delonge_blink-20150126_141134-20150126_152825": {
        "polarity": -0.0039083120517005177, 
        "mediaCount": 5, 
        "verified": 1.0, 
        "truth": 0, 
        "density": 0.0093415356573251316, 
        "ages": 96303533.35546875, 
        "lifespan": 123, 
        "mentionCount": 14, 
        "urlCount": 26, 
        "retweetCount": 118, 
        "followers": 1130.991569086651, 
        "status_count": 26648.616837136113, 
        "hashtagCount": 8, 
        "objectivity": 0.16092248706577975, 
        "friends": 790.66581086863494, 
        "tweetCount": 17
    }, 
    "brady_tom_season-20141026_162345-20141026_173013": {
        "polarity": -0.022406792174234035, 
        "mediaCount": 1, 
        "verified": 0.0, 
        "truth": 0, 
        "density": 0.019801980198019802, 
        "ages": 91137453.601997018, 
        "lifespan": 81, 
        "mentionCount": 5, 
        "urlCount": 1, 
        "retweetCount": 139, 
        "followers": 3423.4911935483869, 
        "status_count": 16774.67026143791, 
        "hashtagCount": 0, 
        "objectivity": 0.31906041048898193, 
        "friends": 523.80154220779218, 
        "tweetCount": 2
    }, 
    "man_liverpool_qpr-20141019_091953-20141019_102237": {
        "polarity": 0.15556547619047617, 
        "mediaCount": 1, 
        "verified": 0.0, 
        "truth": 0, 
        "density": 0.083916083916083919, 
        "ages": 69546304.0, 
        "lifespan": 10, 
        "mentionCount": 4, 
        "urlCount": 3, 
        "retweetCount": 3, 
        "followers": 210.5, 
        "status_count": 7298.1428571428569, 
        "hashtagCount": 2, 
        "objectivity": 0.18333333333333335, 
        "friends": 244.5, 
        "tweetCount": 1
    }, 
    "ebola_west_obama-20141017_102419-20141017_112645-20141017_113249": {
        "polarity": 0.10124530075187971, 
        "mediaCount": 3, 
        "verified": 0.0, 
        "truth": 0, 
        "density": 0.014185989449147344, 
        "ages": 95832548.429487169, 
        "lifespan": 107, 
        "mentionCount": 11, 
        "urlCount": 45, 
        "retweetCount": 55, 
        "followers": 2361.1607142857142, 
        "status_count": 36125.229864253401, 
        "hashtagCount": 14, 
        "objectivity": 0.21139056561591774, 
        "friends": 2259.3036248752906, 
        "tweetCount": 2
    }, 
    "retweet_year_#amas-20141019_065743-20141019_081304": {
        "polarity": 0.10146588636583558, 
        "mediaCount": 2, 
        "verified": 0.0, 
        "truth": 0, 
        "density": 0.029412707118798689, 
        "ages": 52752575.671641789, 
        "lifespan": 144, 
        "mentionCount": 13, 
        "urlCount": 2, 
        "retweetCount": 145, 
        "followers": 1203.9473684210527, 
        "status_count": 11710.471544715447, 
        "hashtagCount": 13, 
        "objectivity": 0.097068098072562364, 
        "friends": 1132.1692307692308, 
        "tweetCount": 0
    }, 
    "cowboys_game_fans-20150111_144629-20150111_155923": {
        "polarity": -0.18291710721065771, 
        "mediaCount": 4, 
        "verified": 0.0, 
        "truth": 0, 
        "density": 0.0069603599015363718, 
        "ages": 102583219.03461538, 
        "lifespan": 115, 
        "mentionCount": 16, 
        "urlCount": 3, 
        "retweetCount": 130, 
        "followers": 843.38587666579565, 
        "status_count": 27623.025798018713, 
        "hashtagCount": 10, 
        "objectivity": 0.43815963965611848, 
        "friends": 670.71816099135685, 
        "tweetCount": 22
    }, 
    "watch_trailer_teaser-20141022_213926-20141022_224704": {
        "polarity": 0.17514222646291097, 
        "mediaCount": 5, 
        "verified": 0.0, 
        "truth": 0, 
        "density": 0.0049538902428569679, 
        "ages": 103715113.02023971, 
        "lifespan": 581, 
        "mentionCount": 260, 
        "urlCount": 381, 
        "retweetCount": 469, 
        "followers": 746.69261100066274, 
        "status_count": 14683.854382013433, 
        "hashtagCount": 93, 
        "objectivity": 0.34554790079066933, 
        "friends": 467.57068956485296, 
        "tweetCount": 1
    }, 
    "news_senzo_meyiwa-20141026_162345-20141026_173013": {
        "polarity": -0.35049366868570503, 
        "mediaCount": 7, 
        "verified": 2.0, 
        "truth": 1, 
        "density": 0.005285487407534057, 
        "ages": 88427030.877717391, 
        "lifespan": 268, 
        "mentionCount": 19, 
        "urlCount": 52, 
        "retweetCount": 340, 
        "followers": 1455.4728033472804, 
        "status_count": 17786.5, 
        "hashtagCount": 16, 
        "objectivity": 0.56926465474642318, 
        "friends": 831.47301587301592, 
        "tweetCount": 17
    }, 
    "republic_india_parade-20150125_233311-20150126_005114": {
        "polarity": -0.099722877655290448, 
        "mediaCount": 3, 
        "verified": 2.0, 
        "truth": 1, 
        "density": 0.010051425899953248, 
        "ages": 88354849.581395343, 
        "lifespan": 130, 
        "mentionCount": 5, 
        "urlCount": 55, 
        "retweetCount": 81, 
        "followers": 13139.931818181818, 
        "status_count": 49946.204379562041, 
        "hashtagCount": 18, 
        "objectivity": 0.27822573469148815, 
        "friends": 495.60344827586209, 
        "tweetCount": 5
    }, 
    "michael_sam_cowboys-20141021_152252-20141021_162823": {
        "polarity": 0.089238328987916227, 
        "mediaCount": 6, 
        "verified": 1.0, 
        "truth": 1, 
        "density": 0.0092803449718264798, 
        "ages": 98729346.965909094, 
        "lifespan": 100, 
        "mentionCount": 13, 
        "urlCount": 51, 
        "retweetCount": 46, 
        "followers": 2070.6999999999998, 
        "status_count": 37548.573770491806, 
        "hashtagCount": 21, 
        "objectivity": 0.21589527055436147, 
        "friends": 1251.858695652174, 
        "tweetCount": 11
    }, 
    "steelers_north_afc-20141228_212854-20141228_224838": {
        "polarity": 0.25839843579100363, 
        "mediaCount": 9, 
        "verified": 1.0, 
        "truth": 1, 
        "density": 0.0098887393400767486, 
        "ages": 87272698.27377522, 
        "lifespan": 192, 
        "mentionCount": 18, 
        "urlCount": 40, 
        "retweetCount": 314, 
        "followers": 1415.3432835820895, 
        "status_count": 14389.389162561576, 
        "hashtagCount": 27, 
        "objectivity": 0.16770100224382667, 
        "friends": 768.32857142857142, 
        "tweetCount": 17
    }, 
    "year_artist_#amas-20141016_203448-20141016_213927": {
        "polarity": 0.032525535993623726, 
        "mediaCount": 24, 
        "verified": 0.0, 
        "truth": 0, 
        "density": 0.0027633531211309027, 
        "ages": 30604209.370776255, 
        "lifespan": 782, 
        "mentionCount": 1056, 
        "urlCount": 23, 
        "retweetCount": 712, 
        "followers": 709.08710330857525, 
        "status_count": 14968.492362982928, 
        "hashtagCount": 1058, 
        "objectivity": 0.085032906831089522, 
        "friends": 545.60890087660152, 
        "tweetCount": 0
    }, 
    "mariota_win_marcus-20141213_213712-20141213_224642": {
        "polarity": 0.65000000000000002, 
        "mediaCount": 4, 
        "verified": 0.0, 
        "truth": 1, 
        "density": 0.0090757105326009068, 
        "ages": 91659056.138591796, 
        "lifespan": 189, 
        "mentionCount": 7, 
        "urlCount": 10, 
        "retweetCount": 258, 
        "followers": 551.65797101449277, 
        "status_count": 18277.616306599586, 
        "hashtagCount": 12, 
        "objectivity": 0.4297962005870169, 
        "friends": 524.95478723404256, 
        "tweetCount": 18
    }, 
    "game_win_jets-20141016_224038-20141016_234002-20141017_004116": {
        "polarity": 0.078454927595552615, 
        "mediaCount": 0, 
        "verified": 1.0, 
        "truth": 0, 
        "density": 0.022177419354838711, 
        "ages": 113917369.60185185, 
        "lifespan": 41, 
        "mentionCount": 6, 
        "urlCount": 3, 
        "retweetCount": 14, 
        "followers": 891.71219758064512, 
        "status_count": 30345.814414414417, 
        "hashtagCount": 10, 
        "objectivity": 0.46874007025522174, 
        "friends": 656.75238095238092, 
        "tweetCount": 15
    }, 
    "wilson_russell_game-20150118_181635-20150118_192118": {
        "polarity": -0.14965299698372614, 
        "mediaCount": 7, 
        "verified": 1.0, 
        "truth": 1, 
        "density": 0.0029878153156658004, 
        "ages": 102291904.29813278, 
        "lifespan": 193, 
        "mentionCount": 26, 
        "urlCount": 23, 
        "retweetCount": 250, 
        "followers": 1402.629277064497, 
        "status_count": 20563.718345228655, 
        "hashtagCount": 23, 
        "objectivity": 0.4244886121753938, 
        "friends": 578.05837352816002, 
        "tweetCount": 87
    }, 
    "banks_ernie_rip-20150123_203503-20150123_211609-20150123_221940": {
        "polarity": 0.1614163434610657, 
        "mediaCount": 11, 
        "verified": 4.0, 
        "truth": 1, 
        "density": 0.0044051175974871674, 
        "ages": 113816003.97607656, 
        "lifespan": 230, 
        "mentionCount": 18, 
        "urlCount": 19, 
        "retweetCount": 158, 
        "followers": 1121.909090909091, 
        "status_count": 11728.755555555555, 
        "hashtagCount": 40, 
        "objectivity": 0.29407425226988126, 
        "friends": 709.09032258064519, 
        "tweetCount": 44
    }, 
    "american_ben_story-20150224_121101-20150224_132049": {
        "polarity": -0.056322928393845575, 
        "mediaCount": 32, 
        "verified": 3.0, 
        "truth": 1, 
        "density": 0.0035677206229353469, 
        "ages": 94780015.175676733, 
        "lifespan": 379, 
        "mentionCount": 42, 
        "urlCount": 228, 
        "retweetCount": 239, 
        "followers": 10369.626402020764, 
        "status_count": 49320.37957028627, 
        "hashtagCount": 48, 
        "objectivity": 0.22071210109058714, 
        "friends": 900.32867132867136, 
        "tweetCount": 8
    }, 
    "ebola_obama_#ebola-20141016_181953-20141016_192544": {
        "polarity": 0.034195455221997871, 
        "mediaCount": 25, 
        "verified": 8.0, 
        "truth": 0, 
        "density": 0.0026354643437177024, 
        "ages": 99288939.873308957, 
        "lifespan": 621, 
        "mentionCount": 74, 
        "urlCount": 97, 
        "retweetCount": 437, 
        "followers": 7734.0619648371703, 
        "status_count": 37198.990287874301, 
        "hashtagCount": 219, 
        "objectivity": 0.2951572999110878, 
        "friends": 2810.8263762491079, 
        "tweetCount": 0
    }, 
    "news_breaking_ebola-20141022_095002-20141022_104357": {
        "polarity": 0.015050815503940503, 
        "mediaCount": 13, 
        "verified": 3.0, 
        "truth": 0, 
        "density": 0.0041942043721403151, 
        "ages": 93287863.278824449, 
        "lifespan": 355, 
        "mentionCount": 37, 
        "urlCount": 114, 
        "retweetCount": 233, 
        "followers": 4318.5514652225684, 
        "status_count": 37894.791959064329, 
        "hashtagCount": 55, 
        "objectivity": 0.2151916359860285, 
        "friends": 1500.0273791035183, 
        "tweetCount": 10
    }, 
    "#indvspak_india_marriage-20150215_040639-20150215_053547": {
        "polarity": -0.0086218287526427066, 
        "mediaCount": 1, 
        "verified": 0.0, 
        "truth": 0, 
        "density": 0.043015726179463462, 
        "ages": 55893167.023809522, 
        "lifespan": 58, 
        "mentionCount": 1, 
        "urlCount": 0, 
        "retweetCount": 82, 
        "followers": 395.69230769230768, 
        "status_count": 4737.2580645161288, 
        "hashtagCount": 1, 
        "objectivity": 0.074227642276422756, 
        "friends": 1599.6986301369864, 
        "tweetCount": 0
    }, 
    "hughes_phil_rip-20141127_125341-20141127_140428": {
        "polarity": -0.31060016978761018, 
        "mediaCount": 19, 
        "verified": 1.0, 
        "truth": 1, 
        "density": 0.0023578347263955336, 
        "ages": 84231941.562211975, 
        "lifespan": 474, 
        "mentionCount": 16, 
        "urlCount": 11, 
        "retweetCount": 541, 
        "followers": 1643.9382940108892, 
        "status_count": 11632.768421052631, 
        "hashtagCount": 55, 
        "objectivity": 0.67087517304963962, 
        "friends": 1009.8271186440678, 
        "tweetCount": 104
    }, 
    "world_south_africa-20141214_110208-20141214_120714": {
        "polarity": 0.1037037037037037, 
        "mediaCount": 17, 
        "verified": 4.0, 
        "truth": 1, 
        "density": 0.0027943197434722859, 
        "ages": 90023951.222470239, 
        "lifespan": 281, 
        "mentionCount": 40, 
        "urlCount": 134, 
        "retweetCount": 189, 
        "followers": 46421.247112822035, 
        "status_count": 37215.857179619146, 
        "hashtagCount": 54, 
        "objectivity": 0.22537598204264875, 
        "friends": 1418.9749568473712, 
        "tweetCount": 30
    }, 
    "paris_attack_news-20150107_100842-20150107_112852": {
        "polarity": -0.029480869142975229, 
        "mediaCount": 40, 
        "verified": 19.0, 
        "truth": 1, 
        "density": 0.001392571457513271, 
        "ages": 105524804.51773836, 
        "lifespan": 1004, 
        "mentionCount": 97, 
        "urlCount": 443, 
        "retweetCount": 959, 
        "followers": 19757.96435845214, 
        "status_count": 45438.050886661527, 
        "hashtagCount": 160, 
        "objectivity": 0.27135372168399002, 
        "friends": 1249.912457912458, 
        "tweetCount": 9
    }, 
    "patriots_super_tom-20150119_105337-20150119_115612": {
        "polarity": 0.29236742424242418, 
        "mediaCount": 3, 
        "verified": 1.0, 
        "truth": 1, 
        "density": 0.0099616858237547897, 
        "ages": 92110256.805073604, 
        "lifespan": 137, 
        "mentionCount": 6, 
        "urlCount": 35, 
        "retweetCount": 143, 
        "followers": 3166.3098095002474, 
        "status_count": 18214.295110299827, 
        "hashtagCount": 11, 
        "objectivity": 0.57910101010101012, 
        "friends": 455.66543796076473, 
        "tweetCount": 13
    }, 
    "game_suh_suspended-20141229_124554-20141229_134930": {
        "polarity": -0.32359999452373711, 
        "mediaCount": 7, 
        "verified": 2.0, 
        "truth": 1, 
        "density": 0.0084479928744815996, 
        "ages": 103221661.00462963, 
        "lifespan": 151, 
        "mentionCount": 21, 
        "urlCount": 50, 
        "retweetCount": 272, 
        "followers": 983.54946629414712, 
        "status_count": 24069.406837606839, 
        "hashtagCount": 17, 
        "objectivity": 0.38848454073572558, 
        "friends": 610.23863636363637, 
        "tweetCount": 15
    }, 
    "birthday_king_martin-20150115_082957-20150115_091955": {
        "polarity": 0.64541101031041659, 
        "mediaCount": 24, 
        "verified": 5.0, 
        "truth": 1, 
        "density": 0.0026731487060159698, 
        "ages": 104827186.16060638, 
        "lifespan": 385, 
        "mentionCount": 30, 
        "urlCount": 54, 
        "retweetCount": 314, 
        "followers": 8507.1832042668466, 
        "status_count": 35756.499640921102, 
        "hashtagCount": 25, 
        "objectivity": 0.82972607228414075, 
        "friends": 1377.6757533931445, 
        "tweetCount": 73
    }, 
    "airasia_missing_flight-20141230_064104-20141230_080349": {
        "polarity": -0.11345404099173871, 
        "mediaCount": 65, 
        "verified": 23.0, 
        "truth": 1, 
        "density": 0.0007441258058854584, 
        "ages": 102868650.03550296, 
        "lifespan": 1458, 
        "mentionCount": 173, 
        "urlCount": 704, 
        "retweetCount": 1772, 
        "followers": 7369.1552567237168, 
        "status_count": 35819.699590882527, 
        "hashtagCount": 294, 
        "objectivity": 0.15229337373651947, 
        "friends": 1030.4947209653092, 
        "tweetCount": 38
    }, 
    "king_martin_luther-20150119_130240-20150119_135533-20150119_145614": {
        "polarity": 0.18074653837514013, 
        "mediaCount": 240, 
        "verified": 48.0, 
        "truth": 1, 
        "density": 0.00022563550102195143, 
        "ages": 94635843.442604855, 
        "lifespan": 1886, 
        "mentionCount": 311, 
        "urlCount": 894, 
        "retweetCount": 3048, 
        "followers": 4623.2937620225339, 
        "status_count": 24076.704013377926, 
        "hashtagCount": 436, 
        "objectivity": 0.37661948604884354, 
        "friends": 1396.3710288545612, 
        "tweetCount": 413
    }, 
    "cops_black_police-20141221_102623-20141221_112747": {
        "polarity": -0.19093636340511339, 
        "mediaCount": 0, 
        "verified": 1.0, 
        "truth": 0, 
        "density": 0.017103644932031647, 
        "ages": 109828966.16666667, 
        "lifespan": 102, 
        "mentionCount": 3, 
        "urlCount": 4, 
        "retweetCount": 97, 
        "followers": 866.13157894736844, 
        "status_count": 28678.200000000001, 
        "hashtagCount": 2, 
        "objectivity": 0.40801249324347161, 
        "friends": 783.6875, 
        "tweetCount": 3
    }, 
    "touchdown_lions_#detvsgb-20141228_164008-20141228_174923": {
        "polarity": 0.13611111111111113, 
        "mediaCount": 0, 
        "verified": 0.0, 
        "truth": 0, 
        "density": 0.11538461538461539, 
        "ages": 85079602.29285714, 
        "lifespan": 9, 
        "mentionCount": 3, 
        "urlCount": 1, 
        "retweetCount": 10, 
        "followers": 352.26666666666665, 
        "status_count": 10692.111111111111, 
        "hashtagCount": 3, 
        "objectivity": 0.27962962962962962, 
        "friends": 484.85714285714289, 
        "tweetCount": 0
    }, 
    "say_john_fox-20150116_093743-20150116_102714-20150116_112054": {
        "polarity": 0.38717948717948708, 
        "mediaCount": 2, 
        "verified": 0.0, 
        "truth": 0, 
        "density": 0.083333333333333329, 
        "ages": 106608433.41316527, 
        "lifespan": 19, 
        "mentionCount": 4, 
        "urlCount": 4, 
        "retweetCount": 14, 
        "followers": 1407.3951048951049, 
        "status_count": 83660.068713450295, 
        "hashtagCount": 3, 
        "objectivity": 0.27716450216450222, 
        "friends": 1010.9, 
        "tweetCount": 1
    }, 
    "elliott_ezekiel_game-20150112_223014-20150112_234607": {
        "polarity": -0.19671841597188819, 
        "mediaCount": 4, 
        "verified": 0.0, 
        "truth": 1, 
        "density": 0.0079791773340160445, 
        "ages": 86603564.62630105, 
        "lifespan": 153, 
        "mentionCount": 4, 
        "urlCount": 8, 
        "retweetCount": 279, 
        "followers": 566.51557218734911, 
        "status_count": 14196.715733666937, 
        "hashtagCount": 8, 
        "objectivity": 0.39222801100708082, 
        "friends": 546.65629068814201, 
        "tweetCount": 6
    }, 
    "isis_hostage_killed-20150206_121857-20150206_132848": {
        "polarity": -0.033127052657476813, 
        "mediaCount": 9, 
        "verified": 3.0, 
        "truth": 0, 
        "density": 0.0077206627018816766, 
        "ages": 100609824.58378379, 
        "lifespan": 166, 
        "mentionCount": 13, 
        "urlCount": 73, 
        "retweetCount": 103, 
        "followers": 11452.326732673268, 
        "status_count": 53704.358695652176, 
        "hashtagCount": 27, 
        "objectivity": 0.12177213763064904, 
        "friends": 1509.0887573964496, 
        "tweetCount": 10
    }, 
    "points_record_klay-20150124_064009-20150124_073826": {
        "polarity": 0.015983531857374451, 
        "mediaCount": 7, 
        "verified": 0.0, 
        "truth": 1, 
        "density": 0.0084356963149326628, 
        "ages": 90429025.152232558, 
        "lifespan": 277, 
        "mentionCount": 14, 
        "urlCount": 25, 
        "retweetCount": 316, 
        "followers": 848.18300063497099, 
        "status_count": 17208.439077768729, 
        "hashtagCount": 9, 
        "objectivity": 0.18450351731601733, 
        "friends": 550.6099497487437, 
        "tweetCount": 6
    }, 
    "artist_#amas_favorite-20141023_225011-20141024_001313": {
        "polarity": 0.32545827528115689, 
        "mediaCount": 78, 
        "verified": 0.0, 
        "truth": 0, 
        "density": 0.0013175567424313158, 
        "ages": 25925704.426950842, 
        "lifespan": 3388, 
        "mentionCount": 4784, 
        "urlCount": 124, 
        "retweetCount": 2480, 
        "followers": 420.12132857534999, 
        "status_count": 9492.5929903900505, 
        "hashtagCount": 4809, 
        "objectivity": 0.70830453196211751, 
        "friends": 286.4351835740386, 
        "tweetCount": 0
    }, 
    "crash_plane_#transasia-20150204_011300-20150204_022809": {
        "polarity": -0.041571746530505362, 
        "mediaCount": 11, 
        "verified": 4.0, 
        "truth": 1, 
        "density": 0.008118701007838746, 
        "ages": 105648952.6111111, 
        "lifespan": 228, 
        "mentionCount": 14, 
        "urlCount": 29, 
        "retweetCount": 233, 
        "followers": 8088.9266666666663, 
        "status_count": 23505.857142857141, 
        "hashtagCount": 33, 
        "objectivity": 0.40189735342039429, 
        "friends": 1132.5037593984962, 
        "tweetCount": 0
    }, 
    "giants_series_win-20141029_224319-20141029_234451": {
        "polarity": 0.48126944950121825, 
        "mediaCount": 25, 
        "verified": 7.0, 
        "truth": 1, 
        "density": 0.0030099161432260947, 
        "ages": 90046520.700000003, 
        "lifespan": 526, 
        "mentionCount": 64, 
        "urlCount": 198, 
        "retweetCount": 662, 
        "followers": 2448.0050441361918, 
        "status_count": 23380.397849462366, 
        "hashtagCount": 115, 
        "objectivity": 0.40990745054464306, 
        "friends": 603.44927536231887, 
        "tweetCount": 120
    }, 
    "ravens_steelers_next-20150103_231700-20150104_001613": {
        "polarity": 0.076887392553920797, 
        "mediaCount": 1, 
        "verified": 0.0, 
        "truth": 1, 
        "density": 0.023279790385053543, 
        "ages": 115572784.6875, 
        "lifespan": 58, 
        "mentionCount": 5, 
        "urlCount": 1, 
        "retweetCount": 59, 
        "followers": 798.6521739130435, 
        "status_count": 37021.765957446805, 
        "hashtagCount": 5, 
        "objectivity": 0.1769818056532958, 
        "friends": 775.11111111111109, 
        "tweetCount": 14
    }, 
    "ebola_news_over-20141016_131147-20141016_141629-20141016_143758-20141016_144024-20141016_144422-20141016_144832": {
        "polarity": -0.0055732381195583462, 
        "mediaCount": 3, 
        "verified": 1.0, 
        "truth": 0, 
        "density": 0.005063273005229612, 
        "ages": 87614177.298387095, 
        "lifespan": 210, 
        "mentionCount": 22, 
        "urlCount": 127, 
        "retweetCount": 82, 
        "followers": 3367.7604790419164, 
        "status_count": 72273.087248322146, 
        "hashtagCount": 40, 
        "objectivity": 0.16088193752237134, 
        "friends": 1834.3165137614678, 
        "tweetCount": 8
    }, 
    "cutler_win_bears-20141215_222932-20141215_234130": {
        "polarity": 0.19311868686868688, 
        "mediaCount": 0, 
        "verified": 0.0, 
        "truth": 0, 
        "density": 0.18333333333333335, 
        "ages": 125541405.33333333, 
        "lifespan": 4, 
        "mentionCount": 0, 
        "urlCount": 1, 
        "retweetCount": 2, 
        "followers": 2002.0, 
        "status_count": 489982.0, 
        "hashtagCount": 0, 
        "objectivity": 0.48535353535353531, 
        "friends": 1165.5, 
        "tweetCount": 1
    }, 
    "scott_stuart_close-20150105_113919-20150105_124155": {
        "polarity": 0.0037087912087912078, 
        "mediaCount": 0, 
        "verified": 0.0, 
        "truth": 1, 
        "density": 0.066666666666666666, 
        "ages": 114083940.54545455, 
        "lifespan": 20, 
        "mentionCount": 0, 
        "urlCount": 0, 
        "retweetCount": 15, 
        "followers": 414.28571428571428, 
        "status_count": 12787.166666666666, 
        "hashtagCount": 1, 
        "objectivity": 0.35454545454545455, 
        "friends": 570.41176470588232, 
        "tweetCount": 4
    }, 
    "age_trailer_ultron-20141023_082640-20141023_092640": {
        "polarity": 0.097078694359013118, 
        "mediaCount": 70, 
        "verified": 4.0, 
        "truth": 1, 
        "density": 0.00066407240811009577, 
        "ages": 100855942.97596154, 
        "lifespan": 1414, 
        "mentionCount": 413, 
        "urlCount": 935, 
        "retweetCount": 1030, 
        "followers": 1901.8750776880049, 
        "status_count": 24160.746438746439, 
        "hashtagCount": 184, 
        "objectivity": 0.21068222659402666, 
        "friends": 740.52742346938771, 
        "tweetCount": 239
    }, 
    "plane_into_crash-20150204_034733-20150204_035340-20150204_051048": {
        "polarity": -0.098620953120953092, 
        "mediaCount": 9, 
        "verified": 4.0, 
        "truth": 1, 
        "density": 0.0079977937120794262, 
        "ages": 103649653.04595444, 
        "lifespan": 177, 
        "mentionCount": 13, 
        "urlCount": 62, 
        "retweetCount": 140, 
        "followers": 13655.553736570108, 
        "status_count": 39613.298300870287, 
        "hashtagCount": 13, 
        "objectivity": 0.40793102774234852, 
        "friends": 1687.5192241968557, 
        "tweetCount": 3
    }, 
    "oscars_#oscars_better-20150222_200058-20150222_205845": {
        "polarity": 0.33616425156128021, 
        "mediaCount": 4, 
        "verified": 0.0, 
        "truth": 0, 
        "density": 0.0092868988391376448, 
        "ages": 115048934.23014888, 
        "lifespan": 125, 
        "mentionCount": 14, 
        "urlCount": 7, 
        "retweetCount": 102, 
        "followers": 1462.1833333333334, 
        "status_count": 20605.648318629334, 
        "hashtagCount": 54, 
        "objectivity": 0.48854193121693118, 
        "friends": 875.47410418548634, 
        "tweetCount": 0
    }, 
    "ebola_obama_gotta-20141024_143812-20141024_144435-20141024_145336-20141024_155934": {
        "polarity": -0.041666666666666664, 
        "mediaCount": 0, 
        "verified": 0.0, 
        "truth": 0, 
        "density": 0.33333333333333331, 
        "ages": 53169686.0, 
        "lifespan": 3, 
        "mentionCount": 1, 
        "urlCount": 1, 
        "retweetCount": 2, 
        "followers": 602.25, 
        "status_count": 9393.75, 
        "hashtagCount": 0, 
        "objectivity": 0.25, 
        "friends": 1316.0, 
        "tweetCount": 0
    }, 
    "plane_crash_taiwan-20150204_062513-20150204_073049": {
        "polarity": 0.024392707791584207, 
        "mediaCount": 30, 
        "verified": 4.0, 
        "truth": 1, 
        "density": 0.0019948496193588836, 
        "ages": 102340156.80965543, 
        "lifespan": 593, 
        "mentionCount": 60, 
        "urlCount": 309, 
        "retweetCount": 479, 
        "followers": 2101.4206784353692, 
        "status_count": 34720.392995853348, 
        "hashtagCount": 72, 
        "objectivity": 0.39885141724519962, 
        "friends": 1234.593980798672, 
        "tweetCount": 20
    }, 
    "justin_padres_upton-20141219_095627-20141219_105515": {
        "polarity": 0.081143139572415882, 
        "mediaCount": 2, 
        "verified": 2.0, 
        "truth": 1, 
        "density": 0.01276595744680851, 
        "ages": 97523867.34652406, 
        "lifespan": 131, 
        "mentionCount": 16, 
        "urlCount": 37, 
        "retweetCount": 118, 
        "followers": 2687.4505410491647, 
        "status_count": 29677.984813084113, 
        "hashtagCount": 28, 
        "objectivity": 0.25502053720557655, 
        "friends": 726.56001423114367, 
        "tweetCount": 11
    }, 
    "harbaugh_michigan_jim-20141230_112124-20141230_124307": {
        "polarity": 0.10083169754222385, 
        "mediaCount": 40, 
        "verified": 11.0, 
        "truth": 1, 
        "density": 0.0016108722532926455, 
        "ages": 103910556.51145732, 
        "lifespan": 1351, 
        "mentionCount": 105, 
        "urlCount": 297, 
        "retweetCount": 1410, 
        "followers": 1541.943868716658, 
        "status_count": 27351.670946233509, 
        "hashtagCount": 122, 
        "objectivity": 0.27141603446058893, 
        "friends": 766.0107872525366, 
        "tweetCount": 71
    }, 
    "#grammys_grammy_queen-20150208_183650-20150208_194148": {
        "polarity": 0.088068181818181809, 
        "mediaCount": 4, 
        "verified": 0.0, 
        "truth": 0, 
        "density": 0.036544850498338874, 
        "ages": 85959596.766666666, 
        "lifespan": 37, 
        "mentionCount": 4, 
        "urlCount": 0, 
        "retweetCount": 46, 
        "followers": 1471.8651960784314, 
        "status_count": 26756.365056818184, 
        "hashtagCount": 6, 
        "objectivity": 0.57491319444444444, 
        "friends": 920.75833333333333, 
        "tweetCount": 0
    }, 
    "big_dog_red-20141216_175414-20141216_191003": {
        "polarity": 0.016164819606769763, 
        "mediaCount": 29, 
        "verified": 5.0, 
        "truth": 1, 
        "density": 0.0059715237439302779, 
        "ages": 101139669.62745099, 
        "lifespan": 256, 
        "mentionCount": 38, 
        "urlCount": 72, 
        "retweetCount": 225, 
        "followers": 1248.3172413793104, 
        "status_count": 33191.695906432746, 
        "hashtagCount": 18, 
        "objectivity": 0.14863775313775318, 
        "friends": 878.13584905660377, 
        "tweetCount": 15
    }, 
    "marrone_doug_coach-20141231_173940-20141231_190114": {
        "polarity": 0.12030863481756338, 
        "mediaCount": 1, 
        "verified": 1.0, 
        "truth": 1, 
        "density": 0.018073667353008464, 
        "ages": 104881933.96153846, 
        "lifespan": 70, 
        "mentionCount": 12, 
        "urlCount": 28, 
        "retweetCount": 68, 
        "followers": 1122.0, 
        "status_count": 34020.855421686749, 
        "hashtagCount": 5, 
        "objectivity": 0.37389870507599221, 
        "friends": 796.1875, 
        "tweetCount": 4
    }, 
    "klay_thompson_quarter-20150124_013813-20150124_025830": {
        "polarity": 0.063022827404956683, 
        "mediaCount": 9, 
        "verified": 4.0, 
        "truth": 1, 
        "density": 0.0033909857714918635, 
        "ages": 96808084.858944952, 
        "lifespan": 455, 
        "mentionCount": 24, 
        "urlCount": 48, 
        "retweetCount": 568, 
        "followers": 30470.332401329688, 
        "status_count": 18419.06264189315, 
        "hashtagCount": 19, 
        "objectivity": 0.20660323101681127, 
        "friends": 548.82270138160834, 
        "tweetCount": 34
    }, 
    "ebola_#ebola_travel-20141016_131147-20141016_141629-20141016_143758-20141016_144024-20141016_144422-20141016_144832": {
        "polarity": 0.02446650827198835, 
        "mediaCount": 7, 
        "verified": 3.0, 
        "truth": 0, 
        "density": 0.0054147181885306423, 
        "ages": 100973559.26469859, 
        "lifespan": 259, 
        "mentionCount": 49, 
        "urlCount": 52, 
        "retweetCount": 161, 
        "followers": 4698.8994554894261, 
        "status_count": 39123.642538593485, 
        "hashtagCount": 107, 
        "objectivity": 0.26105325039384675, 
        "friends": 2499.05303030303, 
        "tweetCount": 0
    }, 
    "kobe_dwight_nigga-20141029_022108-20141029_040700": {
        "polarity": -0.00076388888888889077, 
        "mediaCount": 0, 
        "verified": 0.0, 
        "truth": 0, 
        "density": 0.01948157106051843, 
        "ages": 97511249.710677966, 
        "lifespan": 77, 
        "mentionCount": 9, 
        "urlCount": 8, 
        "retweetCount": 76, 
        "followers": 1071.9206768905342, 
        "status_count": 35002.15151515152, 
        "hashtagCount": 2, 
        "objectivity": 0.11866039426523299, 
        "friends": 741.49733709273187, 
        "tweetCount": 7
    }, 
    "grammys_watch_away-20150208_204025-20150208_213235": {
        "polarity": 0.17234848484848483, 
        "mediaCount": 0, 
        "verified": 0.0, 
        "truth": 0, 
        "density": 0.17857142857142858, 
        "ages": 63270361.833333336, 
        "lifespan": 5, 
        "mentionCount": 0, 
        "urlCount": 0, 
        "retweetCount": 4, 
        "followers": 591.5, 
        "status_count": 16466.375, 
        "hashtagCount": 0, 
        "objectivity": 0.65000000000000002, 
        "friends": 668.875, 
        "tweetCount": 1
    }, 
    "oscar_renta_fashion-20141020_221104-20141020_223146-20141020_233649": {
        "polarity": 0.21608300977528794, 
        "mediaCount": 59, 
        "verified": 14.0, 
        "truth": 1, 
        "density": 0.0013360571840864473, 
        "ages": 104514529.75619787, 
        "lifespan": 429, 
        "mentionCount": 91, 
        "urlCount": 279, 
        "retweetCount": 688, 
        "followers": 20328.285521172762, 
        "status_count": 27550.502551032339, 
        "hashtagCount": 113, 
        "objectivity": 0.44982737217737223, 
        "friends": 799.50893525649258, 
        "tweetCount": 60
    }, 
    "oscar_pistorius_because-20141016_044421-20141016_060856": {
        "polarity": -0.16958333333333331, 
        "mediaCount": 1, 
        "verified": 0.0, 
        "truth": 0, 
        "density": 0.20000000000000001, 
        "ages": 76244386.5, 
        "lifespan": 5, 
        "mentionCount": 0, 
        "urlCount": 2, 
        "retweetCount": 2, 
        "followers": 1491.625, 
        "status_count": 12727.75, 
        "hashtagCount": 2, 
        "objectivity": 0.359375, 
        "friends": 503.0, 
        "tweetCount": 0
    }, 
    "host_patrick_neil-20141015_161647-20141015_172214": {
        "polarity": 0.044159378534378527, 
        "mediaCount": 16, 
        "verified": 4.0, 
        "truth": 1, 
        "density": 0.0053454241737262856, 
        "ages": 104873596.9114529, 
        "lifespan": 255, 
        "mentionCount": 42, 
        "urlCount": 126, 
        "retweetCount": 203, 
        "followers": 2894.6969316189361, 
        "status_count": 31061.922995811925, 
        "hashtagCount": 25, 
        "objectivity": 0.096473033336090655, 
        "friends": 1059.2188405797101, 
        "tweetCount": 13
    }, 
    "raiders_win_game-20141120_221830-20141120_232551": {
        "polarity": 0.21631944444444443, 
        "mediaCount": 3, 
        "verified": 0.0, 
        "truth": 1, 
        "density": 0.0112692919146302, 
        "ages": 88638848.926973686, 
        "lifespan": 87, 
        "mentionCount": 17, 
        "urlCount": 19, 
        "retweetCount": 82, 
        "followers": 1588.0873015873017, 
        "status_count": 18408.619122257056, 
        "hashtagCount": 23, 
        "objectivity": 0.41505392755392745, 
        "friends": 696.14025500910748, 
        "tweetCount": 28
    }, 
    "year_australia_sydney-20141231_071741-20141231_081731": {
        "polarity": 0.30823970714131133, 
        "mediaCount": 12, 
        "verified": 0.0, 
        "truth": 1, 
        "density": 0.010591887549103953, 
        "ages": 78800275.203539819, 
        "lifespan": 166, 
        "mentionCount": 10, 
        "urlCount": 19, 
        "retweetCount": 160, 
        "followers": 1134.6792452830189, 
        "status_count": 22680.107692307691, 
        "hashtagCount": 11, 
        "objectivity": 0.57520505889741336, 
        "friends": 805.5797101449275, 
        "tweetCount": 2
    }, 
    "game_cowboy_offsides-20150104_184648-20150104_193837": {
        "polarity": -0.38443243170465713, 
        "mediaCount": 22, 
        "verified": 0.0, 
        "truth": 0, 
        "density": 0.006662956213662247, 
        "ages": 83461466.686832741, 
        "lifespan": 92, 
        "mentionCount": 22, 
        "urlCount": 0, 
        "retweetCount": 289, 
        "followers": 366.41304347826087, 
        "status_count": 10264.941704035875, 
        "hashtagCount": 3, 
        "objectivity": 0.40719638289082738, 
        "friends": 358.96819787985868, 
        "tweetCount": 0
    }, 
    "messi_hat_trick-20150118_134323-20150118_145322": {
        "polarity": 0.059768273179265322, 
        "mediaCount": 14, 
        "verified": 2.0, 
        "truth": 1, 
        "density": 0.0028547013362631582, 
        "ages": 83907226.09463723, 
        "lifespan": 266, 
        "mentionCount": 21, 
        "urlCount": 79, 
        "retweetCount": 337, 
        "followers": 1834.9876847290641, 
        "status_count": 23506.926229508197, 
        "hashtagCount": 37, 
        "objectivity": 0.072669918884375434, 
        "friends": 596.09511568123389, 
        "tweetCount": 50
    }, 
    "suh_play_ndamukong-20141230_162954-20141230_175034": {
        "polarity": 0.10155030863405369, 
        "mediaCount": 4, 
        "verified": 3.0, 
        "truth": 1, 
        "density": 0.0064844835572024084, 
        "ages": 103159310.45504896, 
        "lifespan": 107, 
        "mentionCount": 37, 
        "urlCount": 34, 
        "retweetCount": 202, 
        "followers": 4828.6396676079339, 
        "status_count": 29110.579998145688, 
        "hashtagCount": 14, 
        "objectivity": 0.19412578162578165, 
        "friends": 582.35601949552802, 
        "tweetCount": 9
    }, 
    "oscar_oscars_birdman-20150223_013601-20150223_023350": {
        "polarity": 0.45979054874466341, 
        "mediaCount": 5, 
        "verified": 3.0, 
        "truth": 1, 
        "density": 0.0079269051793054192, 
        "ages": 115149536.09999999, 
        "lifespan": 144, 
        "mentionCount": 10, 
        "urlCount": 58, 
        "retweetCount": 143, 
        "followers": 18295.5, 
        "status_count": 25895.476744186046, 
        "hashtagCount": 35, 
        "objectivity": 0.28655947765661521, 
        "friends": 958.78217821782175, 
        "tweetCount": 2
    }, 
    "news_breaking_ebola-20141017_123802-20141017_134846": {
        "polarity": 0.058247426344910619, 
        "mediaCount": 15, 
        "verified": 5.0, 
        "truth": 0, 
        "density": 0.003570750237416904, 
        "ages": 93152187.36356017, 
        "lifespan": 399, 
        "mentionCount": 48, 
        "urlCount": 120, 
        "retweetCount": 269, 
        "followers": 5636.4347941888618, 
        "status_count": 45197.5924378044, 
        "hashtagCount": 56, 
        "objectivity": 0.31486352338670887, 
        "friends": 1615.5725204318433, 
        "tweetCount": 11
    }, 
    "ronaldo_ballon_messi-20150112_125026-20150112_134603-20150112_144438": {
        "polarity": 0.20008455629594374, 
        "mediaCount": 28, 
        "verified": 6.0, 
        "truth": 1, 
        "density": 0.0021649524249778497, 
        "ages": 78888825.080066592, 
        "lifespan": 637, 
        "mentionCount": 58, 
        "urlCount": 293, 
        "retweetCount": 692, 
        "followers": 6988.573983393655, 
        "status_count": 39382.845536419234, 
        "hashtagCount": 75, 
        "objectivity": 0.20244921288131168, 
        "friends": 553.67464114832535, 
        "tweetCount": 57
    }, 
    "costa_diego_charged-20150128_121053-20150128_132822-20150128_142806-20150128_143956-20150128_144646": {
        "polarity": -0.44149659863945584, 
        "mediaCount": 1, 
        "verified": 0.0, 
        "truth": 1, 
        "density": 0.018648018648018648, 
        "ages": 79104080.444828466, 
        "lifespan": 73, 
        "mentionCount": 2, 
        "urlCount": 17, 
        "retweetCount": 57, 
        "followers": 1950.1758561643835, 
        "status_count": 24658.784437825765, 
        "hashtagCount": 9, 
        "objectivity": 0.67594696969696966, 
        "friends": 1442.7937599153888, 
        "tweetCount": 3
    }, 
    "gerrard_steven_free-20150105_155639-20150105_170351": {
        "polarity": 0.30901044761338881, 
        "mediaCount": 2, 
        "verified": 0.0, 
        "truth": 1, 
        "density": 0.037037037037037035, 
        "ages": 90306679.692307696, 
        "lifespan": 34, 
        "mentionCount": 2, 
        "urlCount": 3, 
        "retweetCount": 28, 
        "followers": 2088.5333333333333, 
        "status_count": 19358.0, 
        "hashtagCount": 2, 
        "objectivity": 0.64182167295070514, 
        "friends": 1087.9000000000001, 
        "tweetCount": 8
    }, 
    "game_ohio_bama-20150101_233743-20150102_004727": {
        "polarity": -0.21774388975461856, 
        "mediaCount": 0, 
        "verified": 1.0, 
        "truth": 1, 
        "density": 0.010081683938789939, 
        "ages": 86263314.630252108, 
        "lifespan": 96, 
        "mentionCount": 9, 
        "urlCount": 3, 
        "retweetCount": 75, 
        "followers": 557.69642857142856, 
        "status_count": 15791.190476190477, 
        "hashtagCount": 5, 
        "objectivity": 0.43077854562850193, 
        "friends": 520.77777777777783, 
        "tweetCount": 39
    }, 
    "gerrard_steven_work-20150102_093314-20150102_104302": {
        "polarity": 0.5, 
        "mediaCount": 0, 
        "verified": 0.0, 
        "truth": 0, 
        "density": 0.33333333333333331, 
        "ages": 110449274.0, 
        "lifespan": 3, 
        "mentionCount": 1, 
        "urlCount": 0, 
        "retweetCount": 1, 
        "followers": 1850.0, 
        "status_count": 55429.25, 
        "hashtagCount": 1, 
        "objectivity": 0.14999999999999999, 
        "friends": 517.5, 
        "tweetCount": 0
    }, 
    "carter_finals_vince-20141216_201542-20141216_213344": {
        "polarity": 0.0, 
        "mediaCount": 0, 
        "verified": 0.0, 
        "truth": 0, 
        "density": 1.0, 
        "ages": 89056786.0, 
        "lifespan": 1, 
        "mentionCount": 0, 
        "urlCount": 0, 
        "retweetCount": 1, 
        "followers": 475.0, 
        "status_count": 5482.0, 
        "hashtagCount": 0, 
        "objectivity": 0.0, 
        "friends": 275.0, 
        "tweetCount": 0
    }, 
    "game_duke_take-20141101_143335-20141101_153816": {
        "polarity": 0.087499999999999994, 
        "mediaCount": 0, 
        "verified": 0.0, 
        "truth": 0, 
        "density": 0.66666666666666663, 
        "ages": 169151532.0, 
        "lifespan": 2, 
        "mentionCount": 0, 
        "urlCount": 0, 
        "retweetCount": 2, 
        "followers": 391.0, 
        "status_count": 277.0, 
        "hashtagCount": 0, 
        "objectivity": 0.36249999999999999, 
        "friends": 157.0, 
        "tweetCount": 0
    }, 
    "chelsea_costa_diego-20141226_074211-20141226_083417": {
        "polarity": 0.02686707500537288, 
        "mediaCount": 2, 
        "verified": 0.0, 
        "truth": 1, 
        "density": 0.0083957582285183133, 
        "ages": 88285063.004575968, 
        "lifespan": 191, 
        "mentionCount": 7, 
        "urlCount": 22, 
        "retweetCount": 236, 
        "followers": 1009.2723204583622, 
        "status_count": 26279.227955665025, 
        "hashtagCount": 24, 
        "objectivity": 0.067057595182595187, 
        "friends": 647.79899789029537, 
        "tweetCount": 11
    }, 
    "year_artist_#amas-20141019_065743-20141019_081304": {
        "polarity": 0.037725381539959524, 
        "mediaCount": 135, 
        "verified": 0.0, 
        "truth": 0, 
        "density": 0.0014609213151108686, 
        "ages": 30593502.35227599, 
        "lifespan": 2707, 
        "mentionCount": 4442, 
        "urlCount": 58, 
        "retweetCount": 2484, 
        "followers": 741.24334990469652, 
        "status_count": 17223.840687750606, 
        "hashtagCount": 4459, 
        "objectivity": 0.087646914692001962, 
        "friends": 556.63076837727203, 
        "tweetCount": 0
    }, 
    "osu_stop_bama-20150101_233743-20150102_004727": {
        "polarity": 0.7467499999999998, 
        "mediaCount": 2, 
        "verified": 0.0, 
        "truth": 0, 
        "density": 0.032653061224489799, 
        "ages": 86666919.678358212, 
        "lifespan": 69, 
        "mentionCount": 2, 
        "urlCount": 0, 
        "retweetCount": 74, 
        "followers": 432.31235431235427, 
        "status_count": 10902.233333333334, 
        "hashtagCount": 0, 
        "objectivity": 0.40677083333333336, 
        "friends": 434.01282051282055, 
        "tweetCount": 3
    }, 
    "birthday_ali_muhammad-20150117_103904-20150117_114828-20150117_125507": {
        "polarity": 0.75141466259870782, 
        "mediaCount": 12, 
        "verified": 8.0, 
        "truth": 1, 
        "density": 0.0055651776511878781, 
        "ages": 101612052.74120785, 
        "lifespan": 287, 
        "mentionCount": 21, 
        "urlCount": 22, 
        "retweetCount": 306, 
        "followers": 22209.902482657904, 
        "status_count": 25736.463352449387, 
        "hashtagCount": 13, 
        "objectivity": 0.81170594262295093, 
        "friends": 1214.0719888663966, 
        "tweetCount": 9
    }, 
    "plane_river_transasia-20150204_011300-20150204_022809": {
        "polarity": -0.0094739026982017544, 
        "mediaCount": 19, 
        "verified": 10.0, 
        "truth": 1, 
        "density": 0.0035962257432793306, 
        "ages": 105140058.11156777, 
        "lifespan": 413, 
        "mentionCount": 54, 
        "urlCount": 169, 
        "retweetCount": 385, 
        "followers": 11235.655733755506, 
        "status_count": 36831.73046070461, 
        "hashtagCount": 40, 
        "objectivity": 0.30613909541674772, 
        "friends": 1060.4412972085386, 
        "tweetCount": 7
    }, 
    "paris_attack_#charliehebdo-20150107_072714-20150107_085144": {
        "polarity": -0.023665513653566221, 
        "mediaCount": 34, 
        "verified": 14.0, 
        "truth": 1, 
        "density": 0.0015285718074886908, 
        "ages": 107851322.95398979, 
        "lifespan": 883, 
        "mentionCount": 51, 
        "urlCount": 118, 
        "retweetCount": 1131, 
        "followers": 8143.5502065579658, 
        "status_count": 25337.640963241531, 
        "hashtagCount": 158, 
        "objectivity": 0.29219614772927405, 
        "friends": 930.45933755563169, 
        "tweetCount": 0
    }, 
    "cowboys_eagles_game-20141214_215027-20141214_225206": {
        "polarity": -0.14476190476190479, 
        "mediaCount": 4, 
        "verified": 1.0, 
        "truth": 1, 
        "density": 0.0099160945842868033, 
        "ages": 93840882.118503124, 
        "lifespan": 151, 
        "mentionCount": 11, 
        "urlCount": 26, 
        "retweetCount": 116, 
        "followers": 2312.5850948509487, 
        "status_count": 33362.403948643412, 
        "hashtagCount": 17, 
        "objectivity": 0.28911326212728083, 
        "friends": 976.96554054054059, 
        "tweetCount": 33
    }, 
    "brian_williams_months-20150210_234258-20150211_011223": {
        "polarity": 0.030076613496199483, 
        "mediaCount": 9, 
        "verified": 15.0, 
        "truth": 1, 
        "density": 0.0026529404303893799, 
        "ages": 116259944.97295618, 
        "lifespan": 229, 
        "mentionCount": 42, 
        "urlCount": 154, 
        "retweetCount": 243, 
        "followers": 53164.986418089247, 
        "status_count": 42601.977156432753, 
        "hashtagCount": 42, 
        "objectivity": 0.13344388982144084, 
        "friends": 1635.7189855960771, 
        "tweetCount": 25
    }, 
    "senate_republicans_control-20141104_225741-20141105_001908": {
        "polarity": 0.11493038297580685, 
        "mediaCount": 10, 
        "verified": 8.0, 
        "truth": 1, 
        "density": 0.0027344865899289984, 
        "ages": 103003634.42805755, 
        "lifespan": 270, 
        "mentionCount": 34, 
        "urlCount": 139, 
        "retweetCount": 238, 
        "followers": 4825.1728971962621, 
        "status_count": 37053.576368876078, 
        "hashtagCount": 42, 
        "objectivity": 0.22915096281465694, 
        "friends": 961.82786885245901, 
        "tweetCount": 36
    }, 
    "brown_diem_cancer-20141114_140512-20141114_151647": {
        "polarity": -0.026330051810209198, 
        "mediaCount": 34, 
        "verified": 0.0, 
        "truth": 1, 
        "density": 0.0047004809171688269, 
        "ages": 109063297.10033445, 
        "lifespan": 256, 
        "mentionCount": 53, 
        "urlCount": 133, 
        "retweetCount": 262, 
        "followers": 1227.4789915966387, 
        "status_count": 26704.94140625, 
        "hashtagCount": 34, 
        "objectivity": 0.36104224395387541, 
        "friends": 621.61602209944749, 
        "tweetCount": 9
    }, 
    "year_artist_#amas-20141023_102453-20141023_112444-20141023_120026": {
        "polarity": 0.053393674929213014, 
        "mediaCount": 149, 
        "verified": 0.0, 
        "truth": 0, 
        "density": 0.0010574851463277409, 
        "ages": 35635959.340221047, 
        "lifespan": 2975, 
        "mentionCount": 3168, 
        "urlCount": 77, 
        "retweetCount": 3069, 
        "followers": 1181.0675409233818, 
        "status_count": 18673.762575349323, 
        "hashtagCount": 3181, 
        "objectivity": 0.12501773342588832, 
        "friends": 764.0397334939164, 
        "tweetCount": 0
    }, 
    "tcu_win_ole-20141231_141323-20141231_154326": {
        "polarity": 0.3499733589087809, 
        "mediaCount": 2, 
        "verified": 0.0, 
        "truth": 1, 
        "density": 0.03293794831907354, 
        "ages": 89214925.836734697, 
        "lifespan": 54, 
        "mentionCount": 1, 
        "urlCount": 7, 
        "retweetCount": 69, 
        "followers": 730.39999999999998, 
        "status_count": 10974.285714285714, 
        "hashtagCount": 3, 
        "objectivity": 0.19838667707520169, 
        "friends": 418.13114754098359, 
        "tweetCount": 3
    }, 
    "speech_jimmy_award-20150104_092526-20150104_101520": {
        "polarity": 0.65563434860110037, 
        "mediaCount": 4, 
        "verified": 2.0, 
        "truth": 1, 
        "density": 0.0045395843932219309, 
        "ages": 102090441.4017038, 
        "lifespan": 253, 
        "mentionCount": 9, 
        "urlCount": 14, 
        "retweetCount": 647, 
        "followers": 547.47239976962999, 
        "status_count": 9877.1136779886783, 
        "hashtagCount": 0, 
        "objectivity": 0.82339955849889623, 
        "friends": 501.48747593545454, 
        "tweetCount": 0
    }, 
    "total_ceo_crash-20141021_005137-20141021_022035": {
        "polarity": -0.024494047619047617, 
        "mediaCount": 3, 
        "verified": 3.0, 
        "truth": 1, 
        "density": 0.008130081300813009, 
        "ages": 95856692.368447691, 
        "lifespan": 147, 
        "mentionCount": 15, 
        "urlCount": 90, 
        "retweetCount": 74, 
        "followers": 6138.2050951847705, 
        "status_count": 78385.584822250879, 
        "hashtagCount": 29, 
        "objectivity": 0.61301401869158878, 
        "friends": 1236.8336956521739, 
        "tweetCount": 1
    }, 
    "girlfriend_both_williams-20141216_104436-20141216_120017": {
        "polarity": 0.30414222093871601, 
        "mediaCount": 5, 
        "verified": 0.0, 
        "truth": 0, 
        "density": 0.0097185151517728101, 
        "ages": 102761623.21070234, 
        "lifespan": 232, 
        "mentionCount": 2, 
        "urlCount": 0, 
        "retweetCount": 309, 
        "followers": 647.70000000000005, 
        "status_count": 28326.172043010753, 
        "hashtagCount": 0, 
        "objectivity": 0.59008834097210427, 
        "friends": 490.29953917050693, 
        "tweetCount": 1
    }, 
    "scott_stuart_unc-20150105_181236-20150105_192022": {
        "polarity": 0.068608423449060887, 
        "mediaCount": 9, 
        "verified": 1.0, 
        "truth": 1, 
        "density": 0.008500557413600892, 
        "ages": 101422578.64639935, 
        "lifespan": 161, 
        "mentionCount": 12, 
        "urlCount": 8, 
        "retweetCount": 244, 
        "followers": 830.1662094345935, 
        "status_count": 20698.083739715781, 
        "hashtagCount": 8, 
        "objectivity": 0.10115079365079364, 
        "friends": 470.51380934198801, 
        "tweetCount": 2
    }, 
    "cespedes_porcello_tigers-20141211_093100-20141211_104451": {
        "polarity": -0.0084080717488789255, 
        "mediaCount": 7, 
        "verified": 0.5, 
        "truth": 1, 
        "density": 0.013997865796246312, 
        "ages": 95349141.992438376, 
        "lifespan": 139, 
        "mentionCount": 15, 
        "urlCount": 38, 
        "retweetCount": 165, 
        "followers": 1898.5390100867935, 
        "status_count": 22435.748496240602, 
        "hashtagCount": 24, 
        "objectivity": 0.22232988802756246, 
        "friends": 906.4684705342811, 
        "tweetCount": 5
    }, 
    "williams_brian_news-20150210_204625-20150210_215426-20150210_222243": {
        "polarity": -0.002736796852889592, 
        "mediaCount": 46, 
        "verified": 27.0, 
        "truth": 1, 
        "density": 0.00081877524388589118, 
        "ages": 112093070.87931034, 
        "lifespan": 1564, 
        "mentionCount": 235, 
        "urlCount": 801, 
        "retweetCount": 1001, 
        "followers": 18217.403187250995, 
        "status_count": 61803.526592943657, 
        "hashtagCount": 276, 
        "objectivity": 0.25346148488955822, 
        "friends": 2604.4825000000001, 
        "tweetCount": 70
    }, 
    "ohio_state_oregon-20150101_233743-20150102_004727": {
        "polarity": 0.077863005341575225, 
        "mediaCount": 15, 
        "verified": 4.0, 
        "truth": 1, 
        "density": 0.00099364639564324272, 
        "ages": 89082204.714827612, 
        "lifespan": 657, 
        "mentionCount": 101, 
        "urlCount": 77, 
        "retweetCount": 857, 
        "followers": 1026.647692227275, 
        "status_count": 18424.046191126508, 
        "hashtagCount": 71, 
        "objectivity": 0.29805765547234392, 
        "friends": 590.09607819637927, 
        "tweetCount": 210
    }, 
    "cup_championship_#nascar-20141116_180047-20141116_190006": {
        "polarity": 0.26666666666666666, 
        "mediaCount": 0, 
        "verified": 0.0, 
        "truth": 1, 
        "density": 0.029746835443037974, 
        "ages": 99199072.297839507, 
        "lifespan": 65, 
        "mentionCount": 6, 
        "urlCount": 10, 
        "retweetCount": 68, 
        "followers": 943.24818577648762, 
        "status_count": 10349.5065913371, 
        "hashtagCount": 16, 
        "objectivity": 0.24984573175362645, 
        "friends": 676.62578616352198, 
        "tweetCount": 0
    }, 
    "state_ohio_national-20150113_010551-20150113_023159": {
        "polarity": 0.30306864210187973, 
        "mediaCount": 62, 
        "verified": 5.0, 
        "truth": 1, 
        "density": 0.0015855866926777983, 
        "ages": 86431935.314104766, 
        "lifespan": 1355, 
        "mentionCount": 119, 
        "urlCount": 319, 
        "retweetCount": 1820, 
        "followers": 2631.6156064004263, 
        "status_count": 17246.68402328412, 
        "hashtagCount": 131, 
        "objectivity": 0.34332889258163357, 
        "friends": 722.98573613945132, 
        "tweetCount": 104
    }, 
    "#sotu_spend_care-20150120_202650-20150120_203149-20150120_204136-20150120_214014-20150120_225904": {
        "polarity": 0.29499999999999998, 
        "mediaCount": 0, 
        "verified": 0.0, 
        "truth": 0, 
        "density": 1.0, 
        "ages": 154916033.0, 
        "lifespan": 1, 
        "mentionCount": 0, 
        "urlCount": 0, 
        "retweetCount": 1, 
        "followers": 7514.0, 
        "status_count": 47092.0, 
        "hashtagCount": 0, 
        "objectivity": 0.47000000000000003, 
        "friends": 8248.0, 
        "tweetCount": 0
    }, 
    "years_oscar_pistorius-20141021_035622-20141021_052319": {
        "polarity": -0.046527777777777779, 
        "mediaCount": 4, 
        "verified": 2.0, 
        "truth": 1, 
        "density": 0.043956043956043959, 
        "ages": 107714842.34285715, 
        "lifespan": 17, 
        "mentionCount": 4, 
        "urlCount": 7, 
        "retweetCount": 4, 
        "followers": 45821.050000000003, 
        "status_count": 33963.916666666672, 
        "hashtagCount": 1, 
        "objectivity": 0.23422619047619045, 
        "friends": 3192.0055555555555, 
        "tweetCount": 4
    }, 
    "stuart_scott_espn-20150104_223056-20150104_233041": {
        "polarity": 0.17206290651991524, 
        "mediaCount": 8, 
        "verified": 1.0, 
        "truth": 1, 
        "density": 0.0023491293614580589, 
        "ages": 89820170.737793848, 
        "lifespan": 586, 
        "mentionCount": 54, 
        "urlCount": 110, 
        "retweetCount": 781, 
        "followers": 10923.549999999999, 
        "status_count": 17679.026438569206, 
        "hashtagCount": 43, 
        "objectivity": 0.50579328749973262, 
        "friends": 882.73136645962734, 
        "tweetCount": 31
    }
}