{
    "ages": {
        "min": 25925704.426950842,
        "max": 169151532.0
    },
    "density": {
        "min": 0.000190519090005,
        "max": 1.0
    },
    "followers": {
        "min": 210.5,
        "max": 170981.14285714287
    },
    "friends": {
        "min": 157.0,
        "max": 8248.0
    },
    "hashtagCount": {
        "min": 0,
        "max": 4809
    },
    "lifespan": {
        "min": 1,
        "max": 3388
    },
    "mediaCount": {
        "min": 0,
        "max": 365
    },
    "mentionCount": {
        "min": 0,
        "max": 4784
    },
    "objectivity": {
        "min": 0.0,
        "max": 0.9519230769230761
    },
    "polarity": {
        "min": -0.441496598639455,
        "max": 0.9487179487179481
    },
    "retweetCount": {
        "min": 1,
        "max": 4471
    },
    "status_count": {
        "min": 277.0,
        "max": 489982.0
    },
    "truth": {
        "min": 0,
        "max": 1
    },
    "tweetCount": {
        "min": 0,
        "max": 692
    },
    "urlCount": {
        "min": 0,
        "max": 1502
    },
    "verified": {
        "min": 0.0,
        "max": 56.0
    }
}