{
    "ages": {
        "mean": 95916809.36169091,
        "std": 20037712.981483754
    },
    "density": {
        "mean": 0.04281618672488798,
        "std": 0.13246904923119476
    },
    "followers": {
        "mean": 6023.155155348903,
        "std": 15533.728969189613
    },
    "friends": {
        "mean": 965.2176178621143,
        "std": 760.0586709340648
    },
    "hashtagCount": {
        "mean": 130.57692307692307,
        "std": 584.0497110798078
    },
    "lifespan": {
        "mean": 355.2692307692308,
        "std": 551.0994096396864
    },
    "mediaCount": {
        "mean": 18.083333333333332,
        "std": 39.80451560270004
    },
    "mentionCount": {
        "mean": 122.34615384615384,
        "std": 580.9405905314649
    },
    "objectivity": {
        "mean": 0.33891465188819775,
        "std": 0.1767020876092366
    },
    "polarity": {
        "mean": 0.11223618144836284,
        "std": 0.23510830895811866
    },
    "retweetCount": {
        "mean": 394.2371794871795,
        "std": 628.2500746408128
    },
    "status_count": {
        "mean": 30688.683503087137,
        "std": 39573.809814969936
    },
    "truth": {
        "mean": 0.6346153846153846,
        "std": 0.4830886976801493
    },
    "tweetCount": {
        "mean": 26.724358974358974,
        "std": 71.14787632837714
    },
    "urlCount": {
        "mean": 98.08333333333333,
        "std": 189.27453889857668
    },
    "verified": {
        "mean": 3.858974358974359,
        "std": 7.305498342895437
    }
}