{
    "#charliehebdo_attack_paris-20150107_072714-20150107_085144": {
        "ages": 108265903.5008881,
        "density": 0.0016246792526030001,
        "followers": 8050.88275862069,
        "friends": 929.0938215102975,
        "hashtagCount": 153,
        "lifespan": 814,
        "mediaCount": 32,
        "mentionCount": 49,
        "objectivity": 0.29387552301922804,
        "polarity": -0.022535142996071,
        "retweetCount": 1046,
        "status_count": 25299.954465849387,
        "truth": 1,
        "tweetCount": 0,
        "urlCount": 113,
        "verified": 11.0
    },
    "#charliehebdo_paris_attack-20150107_072714-20150107_085144": {
        "ages": 107666245.96484466,
        "density": 0.001501592409159,
        "followers": 8325.976354230068,
        "friends": 933.5134261727079,
        "hashtagCount": 163,
        "lifespan": 905,
        "mediaCount": 35,
        "mentionCount": 52,
        "objectivity": 0.28927289902451103,
        "polarity": -0.022216220150313003,
        "retweetCount": 1148,
        "status_count": 25504.109048439175,
        "truth": 1,
        "tweetCount": 0,
        "urlCount": 123,
        "verified": 15.0
    },
    "#grammys_grammy_queen-20150208_183650-20150208_194148": {
        "ages": 85959596.76666667,
        "density": 0.036544850498338,
        "followers": 1471.8651960784314,
        "friends": 920.7583333333333,
        "hashtagCount": 6,
        "lifespan": 37,
        "mediaCount": 4,
        "mentionCount": 4,
        "objectivity": 0.574913194444444,
        "polarity": 0.088068181818181,
        "retweetCount": 46,
        "status_count": 26756.365056818184,
        "truth": 0,
        "tweetCount": 0,
        "urlCount": 0,
        "verified": 0.0
    },
    "#grammys_looks_flawless-20150208_183650-20150208_194148": {
        "ages": 71398252.45760235,
        "density": 0.059999999999999006,
        "followers": 2853.8940217391305,
        "friends": 1427.1313043478262,
        "hashtagCount": 7,
        "lifespan": 33,
        "mediaCount": 0,
        "mentionCount": 4,
        "objectivity": 0.9519230769230761,
        "polarity": 0.9487179487179481,
        "retweetCount": 34,
        "status_count": 19251.87856071964,
        "truth": 0,
        "tweetCount": 0,
        "urlCount": 0,
        "verified": 0.0
    },
    "#indvspak_india_marriage-20150215_040639-20150215_053547": {
        "ages": 55893167.02380952,
        "density": 0.043015726179463004,
        "followers": 395.6923076923077,
        "friends": 1599.6986301369864,
        "hashtagCount": 1,
        "lifespan": 58,
        "mediaCount": 1,
        "mentionCount": 1,
        "objectivity": 0.074227642276422,
        "polarity": -0.008621828752642,
        "retweetCount": 82,
        "status_count": 4737.258064516129,
        "truth": 0,
        "tweetCount": 0,
        "urlCount": 0,
        "verified": 0.0
    },
    "#orion_launch_watch-20141205_055930-20141205_070834": {
        "ages": 114207848.46780612,
        "density": 0.00814479638009,
        "followers": 5826.058289632916,
        "friends": 690.5430839002267,
        "hashtagCount": 31,
        "lifespan": 271,
        "mediaCount": 9,
        "mentionCount": 15,
        "objectivity": 0.315695780328886,
        "polarity": 0.11836998796832501,
        "retweetCount": 337,
        "status_count": 14688.66562645552,
        "truth": 1,
        "tweetCount": 0,
        "urlCount": 28,
        "verified": 10.0
    },
    "#oscartrial_roux_him-20141017_021821-20141017_040749": {
        "ages": 99094974.125,
        "density": 0.133333333333333,
        "followers": 1114.5,
        "friends": 540.0,
        "hashtagCount": 3,
        "lifespan": 5,
        "mediaCount": 0,
        "mentionCount": 0,
        "objectivity": 0.45,
        "polarity": -0.4,
        "retweetCount": 2,
        "status_count": 9708.333333333332,
        "truth": 0,
        "tweetCount": 0,
        "urlCount": 0,
        "verified": 0.0
    },
    "#sotu_spend_care-20150120_202650-20150120_203149-20150120_204136-20150120_214014-20150120_225904": {
        "ages": 154916033.0,
        "density": 1.0,
        "followers": 7514.0,
        "friends": 8248.0,
        "hashtagCount": 0,
        "lifespan": 1,
        "mediaCount": 0,
        "mentionCount": 0,
        "objectivity": 0.47000000000000003,
        "polarity": 0.29499999999999904,
        "retweetCount": 1,
        "status_count": 47092.0,
        "truth": 0,
        "tweetCount": 0,
        "urlCount": 0,
        "verified": 0.0
    },
    "age_trailer_ultron-20141023_082640-20141023_092640": {
        "ages": 100855942.97596154,
        "density": 0.00066407240811,
        "followers": 1901.875077688005,
        "friends": 740.5274234693877,
        "hashtagCount": 184,
        "lifespan": 1414,
        "mediaCount": 70,
        "mentionCount": 413,
        "objectivity": 0.21068222659402602,
        "polarity": 0.097078694359013,
        "retweetCount": 1030,
        "status_count": 24160.74643874644,
        "truth": 1,
        "tweetCount": 239,
        "urlCount": 935,
        "verified": 4.0
    },
    "airasia_missing_flight-20141230_064104-20141230_080349": {
        "ages": 102868650.03550296,
        "density": 0.0007441258058850001,
        "followers": 7369.155256723717,
        "friends": 1030.4947209653092,
        "hashtagCount": 294,
        "lifespan": 1458,
        "mediaCount": 65,
        "mentionCount": 173,
        "objectivity": 0.15229337373651902,
        "polarity": -0.113454040991738,
        "retweetCount": 1772,
        "status_count": 35819.69959088253,
        "truth": 1,
        "tweetCount": 38,
        "urlCount": 704,
        "verified": 23.0
    },
    "american_ben_story-20150224_121101-20150224_132049": {
        "ages": 94780015.17567673,
        "density": 0.0035677206229350004,
        "followers": 10369.626402020764,
        "friends": 900.3286713286714,
        "hashtagCount": 48,
        "lifespan": 379,
        "mediaCount": 32,
        "mentionCount": 42,
        "objectivity": 0.220712101090587,
        "polarity": -0.056322928393845006,
        "retweetCount": 239,
        "status_count": 49320.37957028627,
        "truth": 1,
        "tweetCount": 8,
        "urlCount": 228,
        "verified": 3.0
    },
    "artist_#amas_favorite-20141023_225011-20141024_001313": {
        "ages": 25925704.426950842,
        "density": 0.001317556742431,
        "followers": 420.12132857535,
        "friends": 286.4351835740386,
        "hashtagCount": 4809,
        "lifespan": 3388,
        "mediaCount": 78,
        "mentionCount": 4784,
        "objectivity": 0.7083045319621171,
        "polarity": 0.325458275281156,
        "retweetCount": 2480,
        "status_count": 9492.59299039005,
        "truth": 0,
        "tweetCount": 0,
        "urlCount": 124,
        "verified": 0.0
    },
    "attack_#charliehebdo_paris-20150107_072714-20150107_085144": {
        "ages": 107801344.468107,
        "density": 0.0015553308966480002,
        "followers": 8106.588465298143,
        "friends": 930.0959677419355,
        "hashtagCount": 160,
        "lifespan": 860,
        "mediaCount": 34,
        "mentionCount": 54,
        "objectivity": 0.292660880387133,
        "polarity": -0.024149083792908,
        "retweetCount": 1106,
        "status_count": 25391.66637630662,
        "truth": 1,
        "tweetCount": 0,
        "urlCount": 120,
        "verified": 13.0
    },
    "banks_ernie_cubs-20150123_232020-20150124_002601": {
        "ages": 105341964.41547853,
        "density": 0.005226352594773,
        "followers": 1188.639636389871,
        "friends": 850.288206951933,
        "hashtagCount": 34,
        "lifespan": 339,
        "mediaCount": 11,
        "mentionCount": 22,
        "objectivity": 0.356619896803945,
        "polarity": 0.205782828282828,
        "retweetCount": 309,
        "status_count": 26942.750287604256,
        "truth": 1,
        "tweetCount": 8,
        "urlCount": 70,
        "verified": 3.0
    },
    "banks_ernie_rip-20150123_203503-20150123_211609-20150123_221940": {
        "ages": 113816003.97607656,
        "density": 0.004405117597487,
        "followers": 1121.909090909091,
        "friends": 709.0903225806452,
        "hashtagCount": 40,
        "lifespan": 230,
        "mediaCount": 11,
        "mentionCount": 18,
        "objectivity": 0.29407425226988104,
        "polarity": 0.161416343461065,
        "retweetCount": 158,
        "status_count": 11728.755555555555,
        "truth": 1,
        "tweetCount": 44,
        "urlCount": 19,
        "verified": 4.0
    },
    "baylor_kicker_dead-20150101_161018-20150101_173005": {
        "ages": 95274372.40476191,
        "density": 0.0060277275467140005,
        "followers": 529.2611940298508,
        "friends": 424.1072796934866,
        "hashtagCount": 3,
        "lifespan": 172,
        "mediaCount": 0,
        "mentionCount": 25,
        "objectivity": 0.40200989083576605,
        "polarity": -0.19044719835696602,
        "retweetCount": 306,
        "status_count": 10639.956756756757,
        "truth": 0,
        "tweetCount": 9,
        "urlCount": 27,
        "verified": 0.0
    },
    "big_dog_red-20141216_175414-20141216_191003": {
        "ages": 101139669.62745099,
        "density": 0.00597152374393,
        "followers": 1248.3172413793104,
        "friends": 878.1358490566038,
        "hashtagCount": 18,
        "lifespan": 256,
        "mediaCount": 29,
        "mentionCount": 38,
        "objectivity": 0.14863775313775301,
        "polarity": 0.016164819606769,
        "retweetCount": 225,
        "status_count": 33191.695906432746,
        "truth": 1,
        "tweetCount": 15,
        "urlCount": 72,
        "verified": 5.0
    },
    "birthday_ali_muhammad-20150117_103904-20150117_114828-20150117_125507": {
        "ages": 101612052.74120785,
        "density": 0.005565177651187,
        "followers": 22209.902482657904,
        "friends": 1214.0719888663966,
        "hashtagCount": 13,
        "lifespan": 287,
        "mediaCount": 12,
        "mentionCount": 21,
        "objectivity": 0.81170594262295,
        "polarity": 0.751414662598707,
        "retweetCount": 306,
        "status_count": 25736.463352449387,
        "truth": 1,
        "tweetCount": 9,
        "urlCount": 22,
        "verified": 8.0
    },
    "birthday_king_martin-20150115_082957-20150115_091955": {
        "ages": 104827186.16060638,
        "density": 0.002673148706015,
        "followers": 8507.183204266847,
        "friends": 1377.6757533931445,
        "hashtagCount": 25,
        "lifespan": 385,
        "mediaCount": 24,
        "mentionCount": 30,
        "objectivity": 0.8297260722841401,
        "polarity": 0.645411010310416,
        "retweetCount": 314,
        "status_count": 35756.4996409211,
        "truth": 1,
        "tweetCount": 73,
        "urlCount": 54,
        "verified": 5.0
    },
    "birthday_king_martin-20150115_170445-20150115_182144": {
        "ages": 105092761.85882352,
        "density": 0.0024428409001360004,
        "followers": 8868.582608695651,
        "friends": 1448.6122448979593,
        "hashtagCount": 26,
        "lifespan": 428,
        "mediaCount": 33,
        "mentionCount": 39,
        "objectivity": 0.82812500386077,
        "polarity": 0.643274898982046,
        "retweetCount": 327,
        "status_count": 36476.21698113208,
        "truth": 1,
        "tweetCount": 80,
        "urlCount": 66,
        "verified": 5.0
    },
    "bobbi_kristina_family-20150205_132607-20150205_142608": {
        "ages": 107516939.86060236,
        "density": 0.0031937759210480003,
        "followers": 13754.959832619068,
        "friends": 1150.4308285008592,
        "hashtagCount": 29,
        "lifespan": 507,
        "mediaCount": 35,
        "mentionCount": 70,
        "objectivity": 0.317471006359895,
        "polarity": -0.064271759259259,
        "retweetCount": 390,
        "status_count": 50980.20363408521,
        "truth": 0,
        "tweetCount": 24,
        "urlCount": 193,
        "verified": 3.0
    },
    "bobby_shmurda_over-20141218_213144-20141218_223901": {
        "ages": 90485755.05882353,
        "density": 0.050125313283208,
        "followers": 1485.0,
        "friends": 649.5714285714286,
        "hashtagCount": 0,
        "lifespan": 18,
        "mediaCount": 1,
        "mentionCount": 2,
        "objectivity": 0.11170454545454502,
        "polarity": 0.01013986013986,
        "retweetCount": 11,
        "status_count": 31832.066666666666,
        "truth": 0,
        "tweetCount": 5,
        "urlCount": 0,
        "verified": 0.0
    },
    "bobby_whitney_movie-20150117_210028-20150117_220949": {
        "ages": 129687110.43214756,
        "density": 0.008062709966405,
        "followers": 2407.5878678283743,
        "friends": 858.3416666666667,
        "hashtagCount": 32,
        "lifespan": 89,
        "mediaCount": 0,
        "mentionCount": 10,
        "objectivity": 0.37666660067574603,
        "polarity": 0.121130952380952,
        "retweetCount": 54,
        "status_count": 33798.74487179487,
        "truth": 0,
        "tweetCount": 36,
        "urlCount": 7,
        "verified": 0.0
    },
    "bowl_pro_odell-20150125_184901-20150125_184943-20150125_191609-20150125_201957": {
        "ages": 86279689.05,
        "density": 0.021702306741366,
        "followers": 587.075,
        "friends": 544.8875,
        "hashtagCount": 4,
        "lifespan": 148,
        "mediaCount": 2,
        "mentionCount": 4,
        "objectivity": 0.12548895559795,
        "polarity": 0.05915949992036901,
        "retweetCount": 168,
        "status_count": 15241.3125,
        "truth": 1,
        "tweetCount": 2,
        "urlCount": 17,
        "verified": 0.0
    },
    "brady_tom_season-20141026_162345-20141026_173013": {
        "ages": 91137453.60199702,
        "density": 0.019801980198019,
        "followers": 3423.491193548387,
        "friends": 523.8015422077922,
        "hashtagCount": 0,
        "lifespan": 81,
        "mediaCount": 1,
        "mentionCount": 5,
        "objectivity": 0.31906041048898104,
        "polarity": -0.022406792174234,
        "retweetCount": 139,
        "status_count": 16774.67026143791,
        "truth": 0,
        "tweetCount": 2,
        "urlCount": 1,
        "verified": 0.0
    },
    "brian_williams_months-20150210_234258-20150211_011223": {
        "ages": 116259944.97295618,
        "density": 0.0026529404303890004,
        "followers": 53164.98641808925,
        "friends": 1635.7189855960771,
        "hashtagCount": 42,
        "lifespan": 229,
        "mediaCount": 9,
        "mentionCount": 42,
        "objectivity": 0.13344388982144,
        "polarity": 0.030076613496199004,
        "retweetCount": 243,
        "status_count": 42601.97715643275,
        "truth": 1,
        "tweetCount": 25,
        "urlCount": 154,
        "verified": 15.0
    },
    "brown_diem_cancer-20141114_140512-20141114_151647": {
        "ages": 109063297.10033445,
        "density": 0.004700480917168,
        "followers": 1227.4789915966387,
        "friends": 621.6160220994475,
        "hashtagCount": 34,
        "lifespan": 256,
        "mediaCount": 34,
        "mentionCount": 53,
        "objectivity": 0.361042243953875,
        "polarity": -0.026330051810209,
        "retweetCount": 262,
        "status_count": 26704.94140625,
        "truth": 1,
        "tweetCount": 9,
        "urlCount": 133,
        "verified": 0.0
    },
    "carter_finals_vince-20141216_201542-20141216_213344": {
        "ages": 89056786.0,
        "density": 1.0,
        "followers": 475.0,
        "friends": 275.0,
        "hashtagCount": 0,
        "lifespan": 1,
        "mediaCount": 0,
        "mentionCount": 0,
        "objectivity": 0.0,
        "polarity": 0.0,
        "retweetCount": 1,
        "status_count": 5482.0,
        "truth": 0,
        "tweetCount": 0,
        "urlCount": 0,
        "verified": 0.0
    },
    "cespedes_porcello_tigers-20141211_093100-20141211_104451": {
        "ages": 95349141.99243838,
        "density": 0.013997865796246001,
        "followers": 1898.5390100867935,
        "friends": 906.4684705342811,
        "hashtagCount": 24,
        "lifespan": 139,
        "mediaCount": 7,
        "mentionCount": 15,
        "objectivity": 0.222329888027562,
        "polarity": -0.008408071748878001,
        "retweetCount": 165,
        "status_count": 22435.7484962406,
        "truth": 1,
        "tweetCount": 5,
        "urlCount": 38,
        "verified": 0.5
    },
    "championship_ohio_national-20150101_233743-20150102_004727": {
        "ages": 87473580.08804977,
        "density": 0.0039120025297010004,
        "followers": 900.6043946875403,
        "friends": 614.990309501886,
        "hashtagCount": 19,
        "lifespan": 239,
        "mediaCount": 5,
        "mentionCount": 9,
        "objectivity": 0.323951998626041,
        "polarity": -0.09523122953125,
        "retweetCount": 434,
        "status_count": 15023.400772910485,
        "truth": 1,
        "tweetCount": 41,
        "urlCount": 25,
        "verified": 4.0
    },
    "chelsea_costa_diego-20141226_074211-20141226_083417": {
        "ages": 88285063.00457597,
        "density": 0.008395758228518001,
        "followers": 1009.2723204583622,
        "friends": 647.7989978902954,
        "hashtagCount": 24,
        "lifespan": 191,
        "mediaCount": 2,
        "mentionCount": 7,
        "objectivity": 0.067057595182595,
        "polarity": 0.026867075005372002,
        "retweetCount": 236,
        "status_count": 26279.227955665025,
        "truth": 1,
        "tweetCount": 11,
        "urlCount": 22,
        "verified": 0.0
    },
    "coach_jack_del-20150114_145313-20150114_151341-20150114_162116": {
        "ages": 97722391.30275229,
        "density": 0.010566917077268001,
        "followers": 2155.1346153846152,
        "friends": 707.0879120879121,
        "hashtagCount": 24,
        "lifespan": 232,
        "mediaCount": 7,
        "mentionCount": 29,
        "objectivity": 0.21912396354297703,
        "polarity": 0.07853553347159101,
        "retweetCount": 224,
        "status_count": 29663.72480620155,
        "truth": 1,
        "tweetCount": 13,
        "urlCount": 51,
        "verified": 3.0
    },
    "coach_tomsula_head-20150114_172352-20150114_182507": {
        "ages": 106697422.28721803,
        "density": 0.010607915136678001,
        "followers": 7287.37360455131,
        "friends": 993.6347713546161,
        "hashtagCount": 36,
        "lifespan": 171,
        "mediaCount": 8,
        "mentionCount": 13,
        "objectivity": 0.24219608929430303,
        "polarity": 0.06658522175103801,
        "retweetCount": 142,
        "status_count": 29410.139182692306,
        "truth": 1,
        "tweetCount": 9,
        "urlCount": 60,
        "verified": 3.0
    },
    "cops_black_police-20141221_102623-20141221_112747": {
        "ages": 109828966.16666667,
        "density": 0.017103644932031002,
        "followers": 866.1315789473684,
        "friends": 783.6875,
        "hashtagCount": 2,
        "lifespan": 102,
        "mediaCount": 0,
        "mentionCount": 3,
        "objectivity": 0.40801249324347105,
        "polarity": -0.19093636340511302,
        "retweetCount": 97,
        "status_count": 28678.2,
        "truth": 0,
        "tweetCount": 3,
        "urlCount": 4,
        "verified": 1.0
    },
    "costa_diego_charged-20150128_121053-20150128_132822-20150128_142806-20150128_143956-20150128_144646": {
        "ages": 79104080.44482847,
        "density": 0.018648018648018003,
        "followers": 1950.1758561643835,
        "friends": 1442.7937599153888,
        "hashtagCount": 9,
        "lifespan": 73,
        "mediaCount": 1,
        "mentionCount": 2,
        "objectivity": 0.6759469696969691,
        "polarity": -0.441496598639455,
        "retweetCount": 57,
        "status_count": 24658.784437825765,
        "truth": 1,
        "tweetCount": 3,
        "urlCount": 17,
        "verified": 0.0
    },
    "cowboys_eagles_game-20141214_215027-20141214_225206": {
        "ages": 93840882.11850312,
        "density": 0.009916094584286,
        "followers": 2312.5850948509487,
        "friends": 976.9655405405406,
        "hashtagCount": 17,
        "lifespan": 151,
        "mediaCount": 4,
        "mentionCount": 11,
        "objectivity": 0.28911326212728,
        "polarity": -0.144761904761904,
        "retweetCount": 116,
        "status_count": 33362.40394864341,
        "truth": 1,
        "tweetCount": 33,
        "urlCount": 26,
        "verified": 1.0
    },
    "cowboys_game_fans-20150111_144629-20150111_155923": {
        "ages": 102583219.03461538,
        "density": 0.0069603599015360005,
        "followers": 843.3858766657956,
        "friends": 670.7181609913569,
        "hashtagCount": 10,
        "lifespan": 115,
        "mediaCount": 4,
        "mentionCount": 16,
        "objectivity": 0.43815963965611804,
        "polarity": -0.18291710721065702,
        "retweetCount": 130,
        "status_count": 27623.025798018713,
        "truth": 0,
        "tweetCount": 22,
        "urlCount": 3,
        "verified": 0.0
    },
    "crash_plane_#transasia-20150204_011300-20150204_022809": {
        "ages": 105648952.6111111,
        "density": 0.008118701007838,
        "followers": 8088.926666666666,
        "friends": 1132.5037593984962,
        "hashtagCount": 33,
        "lifespan": 228,
        "mediaCount": 11,
        "mentionCount": 14,
        "objectivity": 0.401897353420394,
        "polarity": -0.041571746530505,
        "retweetCount": 233,
        "status_count": 23505.85714285714,
        "truth": 1,
        "tweetCount": 0,
        "urlCount": 29,
        "verified": 4.0
    },
    "cup_championship_#nascar-20141116_180047-20141116_190006": {
        "ages": 99199072.29783951,
        "density": 0.029746835443037002,
        "followers": 943.2481857764876,
        "friends": 676.625786163522,
        "hashtagCount": 16,
        "lifespan": 65,
        "mediaCount": 0,
        "mentionCount": 6,
        "objectivity": 0.249845731753626,
        "polarity": 0.266666666666666,
        "retweetCount": 68,
        "status_count": 10349.5065913371,
        "truth": 1,
        "tweetCount": 0,
        "urlCount": 10,
        "verified": 0.0
    },
    "cutler_win_bears-20141215_222932-20141215_234130": {
        "ages": 125541405.33333333,
        "density": 0.18333333333333302,
        "followers": 2002.0,
        "friends": 1165.5,
        "hashtagCount": 0,
        "lifespan": 4,
        "mediaCount": 0,
        "mentionCount": 0,
        "objectivity": 0.48535353535353504,
        "polarity": 0.19311868686868602,
        "retweetCount": 2,
        "status_count": 489982.0,
        "truth": 0,
        "tweetCount": 1,
        "urlCount": 1,
        "verified": 0.0
    },
    "diem_brown_cancer-20141114_113231-20141114_113307-20141114_125500": {
        "ages": 107783148.36609629,
        "density": 0.004174170401083001,
        "followers": 1248.661182590495,
        "friends": 626.7380519165454,
        "hashtagCount": 34,
        "lifespan": 319,
        "mediaCount": 41,
        "mentionCount": 56,
        "objectivity": 0.35718864468864403,
        "polarity": -0.012354177016062002,
        "retweetCount": 299,
        "status_count": 26323.129607446375,
        "truth": 1,
        "tweetCount": 9,
        "urlCount": 174,
        "verified": 0.0
    },
    "eagles_win_redskins-20141220_172538-20141220_184434": {
        "ages": 90208368.8888889,
        "density": 0.034274193548387004,
        "followers": 608.125,
        "friends": 644.9734299516908,
        "hashtagCount": 7,
        "lifespan": 31,
        "mediaCount": 0,
        "mentionCount": 4,
        "objectivity": 0.409382284382284,
        "polarity": 0.482026627218934,
        "retweetCount": 19,
        "status_count": 24699.06993006993,
        "truth": 1,
        "tweetCount": 5,
        "urlCount": 9,
        "verified": 0.0
    },
    "east_nfc_cowboys-20141221_195143-20141221_211310": {
        "ages": 98552295.43333334,
        "density": 0.00562417346053,
        "followers": 3376.3024118738404,
        "friends": 683.2695214105794,
        "hashtagCount": 37,
        "lifespan": 254,
        "mediaCount": 14,
        "mentionCount": 28,
        "objectivity": 0.34470077256938303,
        "polarity": 0.156479435289919,
        "retweetCount": 469,
        "status_count": 24823.936329588014,
        "truth": 1,
        "tweetCount": 34,
        "urlCount": 42,
        "verified": 3.0
    },
    "ebola_#ebola_travel-20141016_131147-20141016_141629-20141016_143758-20141016_144024-20141016_144422-20141016_144832": {
        "ages": 100973559.2646986,
        "density": 0.00541471818853,
        "followers": 4698.899455489426,
        "friends": 2499.05303030303,
        "hashtagCount": 107,
        "lifespan": 259,
        "mediaCount": 7,
        "mentionCount": 49,
        "objectivity": 0.261053250393846,
        "polarity": 0.024466508271988003,
        "retweetCount": 161,
        "status_count": 39123.642538593485,
        "truth": 0,
        "tweetCount": 0,
        "urlCount": 52,
        "verified": 3.0
    },
    "ebola_news_check-20141025_074500-20141025_085012": {
        "ages": 140975740.1724138,
        "density": 0.040485829959514004,
        "followers": 7272.248015873016,
        "friends": 1279.8537915984725,
        "hashtagCount": 31,
        "lifespan": 49,
        "mediaCount": 1,
        "mentionCount": 28,
        "objectivity": 0.114285714285714,
        "polarity": 0.050736531986531004,
        "retweetCount": 12,
        "status_count": 33819.119540873464,
        "truth": 0,
        "tweetCount": 0,
        "urlCount": 39,
        "verified": 0.0
    },
    "ebola_news_over-20141016_131147-20141016_141629-20141016_143758-20141016_144024-20141016_144422-20141016_144832": {
        "ages": 87614177.2983871,
        "density": 0.0050632730052290005,
        "followers": 3367.7604790419164,
        "friends": 1834.3165137614678,
        "hashtagCount": 40,
        "lifespan": 210,
        "mediaCount": 3,
        "mentionCount": 22,
        "objectivity": 0.160881937522371,
        "polarity": -0.005573238119558,
        "retweetCount": 82,
        "status_count": 72273.08724832215,
        "truth": 0,
        "tweetCount": 8,
        "urlCount": 127,
        "verified": 1.0
    },
    "ebola_obama_#ebola-20141016_181953-20141016_192544": {
        "ages": 99288939.87330896,
        "density": 0.0026354643437170003,
        "followers": 7734.06196483717,
        "friends": 2810.826376249108,
        "hashtagCount": 219,
        "lifespan": 621,
        "mediaCount": 25,
        "mentionCount": 74,
        "objectivity": 0.295157299911087,
        "polarity": 0.034195455221997004,
        "retweetCount": 437,
        "status_count": 37198.9902878743,
        "truth": 0,
        "tweetCount": 0,
        "urlCount": 97,
        "verified": 8.0
    },
    "ebola_obama_gotta-20141024_143812-20141024_144435-20141024_145336-20141024_155934": {
        "ages": 53169686.0,
        "density": 0.33333333333333304,
        "followers": 602.25,
        "friends": 1316.0,
        "hashtagCount": 0,
        "lifespan": 3,
        "mediaCount": 0,
        "mentionCount": 1,
        "objectivity": 0.25,
        "polarity": -0.041666666666666005,
        "retweetCount": 2,
        "status_count": 9393.75,
        "truth": 0,
        "tweetCount": 0,
        "urlCount": 1,
        "verified": 0.0
    },
    "ebola_obama_said-20141017_081818-20141017_092258": {
        "ages": 89856734.73076923,
        "density": 0.011608960036817,
        "followers": 2051.8039215686276,
        "friends": 1602.0,
        "hashtagCount": 12,
        "lifespan": 96,
        "mediaCount": 2,
        "mentionCount": 15,
        "objectivity": 0.315342415730863,
        "polarity": 0.093743773798984,
        "retweetCount": 42,
        "status_count": 36809.72549019608,
        "truth": 0,
        "tweetCount": 8,
        "urlCount": 40,
        "verified": 0.0
    },
    "ebola_west_obama-20141017_102419-20141017_112645-20141017_113249": {
        "ages": 95832548.42948717,
        "density": 0.014185989449147,
        "followers": 2361.160714285714,
        "friends": 2259.3036248752906,
        "hashtagCount": 14,
        "lifespan": 107,
        "mediaCount": 3,
        "mentionCount": 11,
        "objectivity": 0.21139056561591701,
        "polarity": 0.10124530075187901,
        "retweetCount": 55,
        "status_count": 36125.2298642534,
        "truth": 0,
        "tweetCount": 2,
        "urlCount": 45,
        "verified": 0.0
    },
    "eddie_redmayne_actor-20150223_013601-20150223_023350": {
        "ages": 109049458.71592644,
        "density": 0.0015494238794100002,
        "followers": 11643.608318409908,
        "friends": 855.5004843147685,
        "hashtagCount": 95,
        "lifespan": 355,
        "mediaCount": 35,
        "mentionCount": 38,
        "objectivity": 0.24694258208698602,
        "polarity": 0.49891351296881703,
        "retweetCount": 436,
        "status_count": 25951.5968530158,
        "truth": 1,
        "tweetCount": 64,
        "urlCount": 106,
        "verified": 7.0
    },
    "elliott_ezekiel_game-20150112_223014-20150112_234607": {
        "ages": 86603564.62630105,
        "density": 0.007979177334016001,
        "followers": 566.5155721873491,
        "friends": 546.656290688142,
        "hashtagCount": 8,
        "lifespan": 153,
        "mediaCount": 4,
        "mentionCount": 4,
        "objectivity": 0.39222801100708005,
        "polarity": -0.19671841597188802,
        "retweetCount": 279,
        "status_count": 14196.715733666937,
        "truth": 1,
        "tweetCount": 6,
        "urlCount": 8,
        "verified": 0.0
    },
    "eric_garner_death-20141203_141317-20141203_144502-20141203_155705-20141203_155951": {
        "ages": 110119289.5319696,
        "density": 0.0010299310286380002,
        "followers": 1823.8128085933395,
        "friends": 812.8401355383913,
        "hashtagCount": 88,
        "lifespan": 689,
        "mediaCount": 47,
        "mentionCount": 114,
        "objectivity": 0.483741817397059,
        "polarity": 0.151292795098904,
        "retweetCount": 1867,
        "status_count": 32453.160052080362,
        "truth": 1,
        "tweetCount": 49,
        "urlCount": 294,
        "verified": 13.0
    },
    "ernie_banks_cub-20150123_232020-20150124_002601": {
        "ages": 101212747.31111111,
        "density": 0.0040595097275510006,
        "followers": 1781.5,
        "friends": 635.2666666666667,
        "hashtagCount": 37,
        "lifespan": 300,
        "mediaCount": 7,
        "mentionCount": 15,
        "objectivity": 0.420366300285865,
        "polarity": 0.24488528654433103,
        "retweetCount": 258,
        "status_count": 23212.32481751825,
        "truth": 1,
        "tweetCount": 20,
        "urlCount": 69,
        "verified": 5.0
    },
    "game_cowboy_offsides-20150104_184648-20150104_193837": {
        "ages": 83461466.68683274,
        "density": 0.006662956213662001,
        "followers": 366.4130434782609,
        "friends": 358.9681978798587,
        "hashtagCount": 3,
        "lifespan": 92,
        "mediaCount": 22,
        "mentionCount": 22,
        "objectivity": 0.40719638289082705,
        "polarity": -0.384432431704657,
        "retweetCount": 289,
        "status_count": 10264.941704035875,
        "truth": 0,
        "tweetCount": 0,
        "urlCount": 0,
        "verified": 0.0
    },
    "game_duke_take-20141101_143335-20141101_153816": {
        "ages": 169151532.0,
        "density": 0.6666666666666661,
        "followers": 391.0,
        "friends": 157.0,
        "hashtagCount": 0,
        "lifespan": 2,
        "mediaCount": 0,
        "mentionCount": 0,
        "objectivity": 0.36249999999999905,
        "polarity": 0.08749999999999901,
        "retweetCount": 2,
        "status_count": 277.0,
        "truth": 0,
        "tweetCount": 0,
        "urlCount": 0,
        "verified": 0.0
    },
    "game_ohio_bama-20150101_233743-20150102_004727": {
        "ages": 86263314.63025211,
        "density": 0.010081683938789,
        "followers": 557.6964285714286,
        "friends": 520.7777777777778,
        "hashtagCount": 5,
        "lifespan": 96,
        "mediaCount": 0,
        "mentionCount": 9,
        "objectivity": 0.43077854562850104,
        "polarity": -0.21774388975461803,
        "retweetCount": 75,
        "status_count": 15791.190476190477,
        "truth": 1,
        "tweetCount": 39,
        "urlCount": 3,
        "verified": 1.0
    },
    "game_seahawks_win-20150110_225406-20150111_000804": {
        "ages": 89572596.28169014,
        "density": 0.017754758087721003,
        "followers": 527.2272727272727,
        "friends": 661.4042553191489,
        "hashtagCount": 5,
        "lifespan": 64,
        "mediaCount": 0,
        "mentionCount": 7,
        "objectivity": 0.46200132275132205,
        "polarity": 0.19644713061992403,
        "retweetCount": 60,
        "status_count": 17298.090909090908,
        "truth": 1,
        "tweetCount": 10,
        "urlCount": 2,
        "verified": 0.0
    },
    "game_suh_suspended-20141229_124554-20141229_134930": {
        "ages": 103221661.00462963,
        "density": 0.008447992874481001,
        "followers": 983.5494662941471,
        "friends": 610.2386363636364,
        "hashtagCount": 17,
        "lifespan": 151,
        "mediaCount": 7,
        "mentionCount": 21,
        "objectivity": 0.388484540735725,
        "polarity": -0.323599994523737,
        "retweetCount": 272,
        "status_count": 24069.40683760684,
        "truth": 1,
        "tweetCount": 15,
        "urlCount": 50,
        "verified": 2.0
    },
    "game_win_jets-20141016_224038-20141016_234002-20141017_004116": {
        "ages": 113917369.60185185,
        "density": 0.022177419354838003,
        "followers": 891.7121975806451,
        "friends": 656.7523809523809,
        "hashtagCount": 10,
        "lifespan": 41,
        "mediaCount": 0,
        "mentionCount": 6,
        "objectivity": 0.468740070255221,
        "polarity": 0.078454927595552,
        "retweetCount": 14,
        "status_count": 30345.814414414417,
        "truth": 0,
        "tweetCount": 15,
        "urlCount": 3,
        "verified": 1.0
    },
    "gerrard_steven_free-20150105_155639-20150105_170351": {
        "ages": 90306679.6923077,
        "density": 0.037037037037037,
        "followers": 2088.5333333333333,
        "friends": 1087.9,
        "hashtagCount": 2,
        "lifespan": 34,
        "mediaCount": 2,
        "mentionCount": 2,
        "objectivity": 0.641821672950705,
        "polarity": 0.30901044761338803,
        "retweetCount": 28,
        "status_count": 19358.0,
        "truth": 1,
        "tweetCount": 8,
        "urlCount": 3,
        "verified": 0.0
    },
    "gerrard_steven_work-20150102_093314-20150102_104302": {
        "ages": 110449274.0,
        "density": 0.33333333333333304,
        "followers": 1850.0,
        "friends": 517.5,
        "hashtagCount": 1,
        "lifespan": 3,
        "mediaCount": 0,
        "mentionCount": 1,
        "objectivity": 0.14999999999999902,
        "polarity": 0.5,
        "retweetCount": 1,
        "status_count": 55429.25,
        "truth": 0,
        "tweetCount": 0,
        "urlCount": 0,
        "verified": 0.0
    },
    "giants_series_win-20141029_224319-20141029_234451": {
        "ages": 90046520.7,
        "density": 0.003009916143226,
        "followers": 2448.005044136192,
        "friends": 603.4492753623189,
        "hashtagCount": 115,
        "lifespan": 526,
        "mediaCount": 25,
        "mentionCount": 64,
        "objectivity": 0.40990745054464306,
        "polarity": 0.481269449501218,
        "retweetCount": 662,
        "status_count": 23380.397849462366,
        "truth": 1,
        "tweetCount": 120,
        "urlCount": 198,
        "verified": 7.0
    },
    "giants_win_series-20141029_224319-20141029_234451": {
        "ages": 96116250.0099163,
        "density": 0.0016878063570670001,
        "followers": 2510.9229450290677,
        "friends": 691.053294298619,
        "hashtagCount": 96,
        "lifespan": 393,
        "mediaCount": 21,
        "mentionCount": 53,
        "objectivity": 0.403060557570029,
        "polarity": 0.48052889711795704,
        "retweetCount": 554,
        "status_count": 28325.66219862878,
        "truth": 1,
        "tweetCount": 95,
        "urlCount": 171,
        "verified": 11.0
    },
    "girlfriend_both_williams-20141216_104436-20141216_120017": {
        "ages": 102761623.21070234,
        "density": 0.009718515151772,
        "followers": 647.7,
        "friends": 490.29953917050693,
        "hashtagCount": 0,
        "lifespan": 232,
        "mediaCount": 5,
        "mentionCount": 2,
        "objectivity": 0.590088340972104,
        "polarity": 0.304142220938716,
        "retweetCount": 309,
        "status_count": 28326.172043010753,
        "truth": 0,
        "tweetCount": 1,
        "urlCount": 0,
        "verified": 0.0
    },
    "god_golden_awards-20150115_101528-20150115_104504-20150115_104544-20150115_105409-20150115_105707-20150115_115249": {
        "ages": 91079510.125,
        "density": 0.16994949494949402,
        "followers": 1756.6,
        "friends": 563.0,
        "hashtagCount": 0,
        "lifespan": 10,
        "mediaCount": 1,
        "mentionCount": 1,
        "objectivity": 0.48749999999999905,
        "polarity": 0.29249999999999904,
        "retweetCount": 9,
        "status_count": 57487.75,
        "truth": 0,
        "tweetCount": 0,
        "urlCount": 0,
        "verified": 0.0
    },
    "god_thank_ebola-20141020_075900-20141020_090750": {
        "ages": 83418281.9090909,
        "density": 0.039515455304928004,
        "followers": 2383.2,
        "friends": 1224.0526315789473,
        "hashtagCount": 6,
        "lifespan": 26,
        "mediaCount": 1,
        "mentionCount": 4,
        "objectivity": 0.42472470238095206,
        "polarity": 0.139972332355144,
        "retweetCount": 8,
        "status_count": 28994.0,
        "truth": 0,
        "tweetCount": 9,
        "urlCount": 3,
        "verified": 0.0
    },
    "grammys_watch_away-20150208_204025-20150208_213235": {
        "ages": 63270361.833333336,
        "density": 0.17857142857142802,
        "followers": 591.5,
        "friends": 668.875,
        "hashtagCount": 0,
        "lifespan": 5,
        "mediaCount": 0,
        "mentionCount": 0,
        "objectivity": 0.65,
        "polarity": 0.172348484848484,
        "retweetCount": 4,
        "status_count": 16466.375,
        "truth": 0,
        "tweetCount": 1,
        "urlCount": 0,
        "verified": 0.0
    },
    "harbaugh_michigan_jim-20141230_112124-20141230_124307": {
        "ages": 103910556.51145732,
        "density": 0.0016108722532920002,
        "followers": 1541.943868716658,
        "friends": 766.0107872525366,
        "hashtagCount": 122,
        "lifespan": 1351,
        "mediaCount": 40,
        "mentionCount": 105,
        "objectivity": 0.27141603446058804,
        "polarity": 0.10083169754222301,
        "retweetCount": 1410,
        "status_count": 27351.67094623351,
        "truth": 1,
        "tweetCount": 71,
        "urlCount": 297,
        "verified": 11.0
    },
    "hazard_chelsea_contract-20150212_082825-20150212_093808": {
        "ages": 90396757.85930802,
        "density": 0.00949223709651,
        "followers": 1046.045833703079,
        "friends": 508.14767422120366,
        "hashtagCount": 13,
        "lifespan": 135,
        "mediaCount": 3,
        "mentionCount": 10,
        "objectivity": 0.46536195286195203,
        "polarity": 0.169924860681019,
        "retweetCount": 157,
        "status_count": 23850.016933497536,
        "truth": 1,
        "tweetCount": 3,
        "urlCount": 39,
        "verified": 1.0
    },
    "host_patrick_neil-20141015_161647-20141015_172214": {
        "ages": 104873596.9114529,
        "density": 0.005345424173726,
        "followers": 2894.696931618936,
        "friends": 1059.21884057971,
        "hashtagCount": 25,
        "lifespan": 255,
        "mediaCount": 16,
        "mentionCount": 42,
        "objectivity": 0.09647303333609,
        "polarity": 0.044159378534378006,
        "retweetCount": 203,
        "status_count": 31061.922995811925,
        "truth": 1,
        "tweetCount": 13,
        "urlCount": 126,
        "verified": 4.0
    },
    "hughes_phil_rip-20141127_125341-20141127_140428": {
        "ages": 84231941.56221198,
        "density": 0.002357834726395,
        "followers": 1643.9382940108892,
        "friends": 1009.8271186440678,
        "hashtagCount": 55,
        "lifespan": 474,
        "mediaCount": 19,
        "mentionCount": 16,
        "objectivity": 0.6708751730496391,
        "polarity": -0.31060016978761,
        "retweetCount": 541,
        "status_count": 11632.768421052631,
        "truth": 1,
        "tweetCount": 104,
        "urlCount": 11,
        "verified": 1.0
    },
    "iggy_fuck_grammy-20150208_183650-20150208_194148": {
        "ages": 56607068.16666667,
        "density": 0.12222222222222201,
        "followers": 1980.6166666666668,
        "friends": 1277.25,
        "hashtagCount": 0,
        "lifespan": 7,
        "mediaCount": 0,
        "mentionCount": 0,
        "objectivity": 0.49166666666666603,
        "polarity": -0.09166666666666601,
        "retweetCount": 4,
        "status_count": 18442.416666666664,
        "truth": 0,
        "tweetCount": 3,
        "urlCount": 0,
        "verified": 0.0
    },
    "isis_hostage_killed-20150206_121857-20150206_132848": {
        "ages": 100609824.58378379,
        "density": 0.007720662701881001,
        "followers": 11452.326732673268,
        "friends": 1509.0887573964496,
        "hashtagCount": 27,
        "lifespan": 166,
        "mediaCount": 9,
        "mentionCount": 13,
        "objectivity": 0.12177213763064901,
        "polarity": -0.033127052657476,
        "retweetCount": 103,
        "status_count": 53704.358695652176,
        "truth": 0,
        "tweetCount": 10,
        "urlCount": 73,
        "verified": 3.0
    },
    "jon_show_stewart-20150210_234258-20150211_011223": {
        "ages": 113020204.28629032,
        "density": 0.001208659663709,
        "followers": 4958.932816537467,
        "friends": 1502.1741935483872,
        "hashtagCount": 90,
        "lifespan": 474,
        "mediaCount": 40,
        "mentionCount": 132,
        "objectivity": 0.14807557155745601,
        "polarity": 0.018983013218237,
        "retweetCount": 549,
        "status_count": 36173.51566951567,
        "truth": 1,
        "tweetCount": 85,
        "urlCount": 402,
        "verified": 17.0
    },
    "joshane_event_give-20141214_235644-20141215_010737": {
        "ages": 36843623.22147226,
        "density": 0.007336723085138001,
        "followers": 499.2754080629302,
        "friends": 519.8282173382173,
        "hashtagCount": 149,
        "lifespan": 595,
        "mediaCount": 15,
        "mentionCount": 99,
        "objectivity": 0.11761484660626201,
        "polarity": 0.067297621673006,
        "retweetCount": 543,
        "status_count": 24059.48310582511,
        "truth": 0,
        "tweetCount": 100,
        "urlCount": 0,
        "verified": 0.0
    },
    "justin_padres_upton-20141219_095627-20141219_105515": {
        "ages": 97523867.34652406,
        "density": 0.012765957446808002,
        "followers": 2687.4505410491647,
        "friends": 726.5600142311437,
        "hashtagCount": 28,
        "lifespan": 131,
        "mediaCount": 2,
        "mentionCount": 16,
        "objectivity": 0.255020537205576,
        "polarity": 0.08114313957241501,
        "retweetCount": 118,
        "status_count": 29677.984813084113,
        "truth": 1,
        "tweetCount": 11,
        "urlCount": 37,
        "verified": 2.0
    },
    "killed_hostage_isis-20150206_144013-20150206_155447": {
        "ages": 102055272.21052632,
        "density": 0.0062111331611930005,
        "followers": 170981.14285714287,
        "friends": 1607.6434108527133,
        "hashtagCount": 30,
        "lifespan": 180,
        "mediaCount": 9,
        "mentionCount": 16,
        "objectivity": 0.087410909219478,
        "polarity": -0.07958810156857,
        "retweetCount": 98,
        "status_count": 67812.19047619047,
        "truth": 0,
        "tweetCount": 12,
        "urlCount": 92,
        "verified": 5.0
    },
    "kim_park_winner-20141027_042412-20141027_055036": {
        "ages": 78178084.0212766,
        "density": 0.030607131844412,
        "followers": 379.36206896551727,
        "friends": 353.54545454545456,
        "hashtagCount": 2,
        "lifespan": 42,
        "mediaCount": 0,
        "mentionCount": 2,
        "objectivity": 0.6148484848484841,
        "polarity": 0.042786994660564,
        "retweetCount": 57,
        "status_count": 27290.415094339623,
        "truth": 0,
        "tweetCount": 1,
        "urlCount": 0,
        "verified": 0.0
    },
    "king_martin_luther-20150119_105337-20150119_115612": {
        "ages": 95594463.49188027,
        "density": 0.000190519090005,
        "followers": 4220.5863390564145,
        "friends": 1468.5429229247356,
        "hashtagCount": 685,
        "lifespan": 3175,
        "mediaCount": 365,
        "mentionCount": 484,
        "objectivity": 0.34373402953270304,
        "polarity": 0.16502703565218002,
        "retweetCount": 4471,
        "status_count": 25100.25259842461,
        "truth": 1,
        "tweetCount": 692,
        "urlCount": 1502,
        "verified": 56.0
    },
    "king_martin_luther-20150119_130240-20150119_135533-20150119_145614": {
        "ages": 94635843.44260485,
        "density": 0.00022563550102100001,
        "followers": 4623.293762022534,
        "friends": 1396.3710288545612,
        "hashtagCount": 436,
        "lifespan": 1886,
        "mediaCount": 240,
        "mentionCount": 311,
        "objectivity": 0.37661948604884304,
        "polarity": 0.18074653837514001,
        "retweetCount": 3048,
        "status_count": 24076.704013377926,
        "truth": 1,
        "tweetCount": 413,
        "urlCount": 894,
        "verified": 48.0
    },
    "king_saudi_abdullah-20150122_171213-20150122_181807-20150122_191647": {
        "ages": 94606462.65109034,
        "density": 0.0013785369540830002,
        "followers": 2397.1324675324677,
        "friends": 1171.996303142329,
        "hashtagCount": 89,
        "lifespan": 834,
        "mediaCount": 22,
        "mentionCount": 64,
        "objectivity": 0.24948909948072903,
        "polarity": 0.023737080033306,
        "retweetCount": 669,
        "status_count": 42169.217475728154,
        "truth": 1,
        "tweetCount": 30,
        "urlCount": 315,
        "verified": 4.0
    },
    "klay_thompson_quarter-20150124_013813-20150124_025830": {
        "ages": 96808084.85894495,
        "density": 0.0033909857714910004,
        "followers": 30470.332401329688,
        "friends": 548.8227013816083,
        "hashtagCount": 19,
        "lifespan": 455,
        "mediaCount": 9,
        "mentionCount": 24,
        "objectivity": 0.20660323101681102,
        "polarity": 0.063022827404956,
        "retweetCount": 568,
        "status_count": 18419.06264189315,
        "truth": 1,
        "tweetCount": 34,
        "urlCount": 48,
        "verified": 4.0
    },
    "kobe_dwight_nigga-20141029_022108-20141029_040700": {
        "ages": 97511249.71067797,
        "density": 0.019481571060518,
        "followers": 1071.9206768905342,
        "friends": 741.4973370927319,
        "hashtagCount": 2,
        "lifespan": 77,
        "mediaCount": 0,
        "mentionCount": 9,
        "objectivity": 0.118660394265232,
        "polarity": -0.0007638888888880001,
        "retweetCount": 76,
        "status_count": 35002.15151515152,
        "truth": 0,
        "tweetCount": 7,
        "urlCount": 8,
        "verified": 0.0
    },
    "kobe_dwight_something-20141029_080253-20141029_090256": {
        "ages": 148417840.0,
        "density": 0.266666666666666,
        "followers": 1220.75,
        "friends": 1349.0,
        "hashtagCount": 0,
        "lifespan": 3,
        "mediaCount": 0,
        "mentionCount": 1,
        "objectivity": 0.208333333333333,
        "polarity": 0.133333333333333,
        "retweetCount": 1,
        "status_count": 32924.0,
        "truth": 0,
        "tweetCount": 1,
        "urlCount": 0,
        "verified": 0.0
    },
    "lance_stephenson_win-20141107_203335-20141107_215719": {
        "ages": 82998262.44270834,
        "density": 0.036004645760743005,
        "followers": 606.9436781609195,
        "friends": 529.4072528883183,
        "hashtagCount": 2,
        "lifespan": 29,
        "mediaCount": 0,
        "mentionCount": 1,
        "objectivity": 0.30238095238095203,
        "polarity": 0.6999999999999991,
        "retweetCount": 42,
        "status_count": 21163.86455773956,
        "truth": 1,
        "tweetCount": 2,
        "urlCount": 1,
        "verified": 0.0
    },
    "liverpool_qpr_goals-20141019_065743-20141019_081304": {
        "ages": 88793382.40845071,
        "density": 0.016040688575899003,
        "followers": 825.8852459016393,
        "friends": 580.0217391304348,
        "hashtagCount": 3,
        "lifespan": 46,
        "mediaCount": 0,
        "mentionCount": 5,
        "objectivity": 0.5379329004329001,
        "polarity": 0.202985520226899,
        "retweetCount": 55,
        "status_count": 19723.7,
        "truth": 1,
        "tweetCount": 15,
        "urlCount": 3,
        "verified": 1.0
    },
    "man_liverpool_qpr-20141019_091953-20141019_102237": {
        "ages": 69546304.0,
        "density": 0.083916083916083,
        "followers": 210.5,
        "friends": 244.5,
        "hashtagCount": 2,
        "lifespan": 10,
        "mediaCount": 1,
        "mentionCount": 4,
        "objectivity": 0.18333333333333302,
        "polarity": 0.155565476190476,
        "retweetCount": 3,
        "status_count": 7298.142857142857,
        "truth": 0,
        "tweetCount": 1,
        "urlCount": 3,
        "verified": 0.0
    },
    "manchester_derby_great-20141102_034232-20141102_045904": {
        "ages": 81110933.66666667,
        "density": 0.13809523809523802,
        "followers": 10990.444444444445,
        "friends": 311.8333333333333,
        "hashtagCount": 1,
        "lifespan": 10,
        "mediaCount": 1,
        "mentionCount": 3,
        "objectivity": 0.5962499999999991,
        "polarity": 0.62,
        "retweetCount": 5,
        "status_count": 31715.666666666668,
        "truth": 0,
        "tweetCount": 0,
        "urlCount": 2,
        "verified": 0.0
    },
    "mariota_win_marcus-20141213_213712-20141213_224642": {
        "ages": 91659056.1385918,
        "density": 0.009075710532600001,
        "followers": 551.6579710144928,
        "friends": 524.9547872340426,
        "hashtagCount": 12,
        "lifespan": 189,
        "mediaCount": 4,
        "mentionCount": 7,
        "objectivity": 0.429796200587016,
        "polarity": 0.65,
        "retweetCount": 258,
        "status_count": 18277.616306599586,
        "truth": 1,
        "tweetCount": 18,
        "urlCount": 10,
        "verified": 0.0
    },
    "marrone_doug_coach-20141231_173940-20141231_190114": {
        "ages": 104881933.96153846,
        "density": 0.018073667353008003,
        "followers": 1122.0,
        "friends": 796.1875,
        "hashtagCount": 5,
        "lifespan": 70,
        "mediaCount": 1,
        "mentionCount": 12,
        "objectivity": 0.37389870507599204,
        "polarity": 0.12030863481756301,
        "retweetCount": 68,
        "status_count": 34020.85542168675,
        "truth": 1,
        "tweetCount": 4,
        "urlCount": 28,
        "verified": 1.0
    },
    "messi_hat_trick-20150118_134323-20150118_145322": {
        "ages": 83907226.09463723,
        "density": 0.0028547013362630004,
        "followers": 1834.987684729064,
        "friends": 596.0951156812339,
        "hashtagCount": 37,
        "lifespan": 266,
        "mediaCount": 14,
        "mentionCount": 21,
        "objectivity": 0.072669918884375,
        "polarity": 0.059768273179265,
        "retweetCount": 337,
        "status_count": 23506.926229508197,
        "truth": 1,
        "tweetCount": 50,
        "urlCount": 79,
        "verified": 2.0
    },
    "michael_sam_cowboys-20141021_152252-20141021_162823": {
        "ages": 98729346.9659091,
        "density": 0.009280344971826001,
        "followers": 2070.7,
        "friends": 1251.858695652174,
        "hashtagCount": 21,
        "lifespan": 100,
        "mediaCount": 6,
        "mentionCount": 13,
        "objectivity": 0.21589527055436103,
        "polarity": 0.089238328987916,
        "retweetCount": 46,
        "status_count": 37548.57377049181,
        "truth": 1,
        "tweetCount": 11,
        "urlCount": 51,
        "verified": 1.0
    },
    "news_breaking_ebola-20141017_123802-20141017_134846": {
        "ages": 93152187.36356017,
        "density": 0.003570750237416,
        "followers": 5636.434794188862,
        "friends": 1615.5725204318433,
        "hashtagCount": 56,
        "lifespan": 399,
        "mediaCount": 15,
        "mentionCount": 48,
        "objectivity": 0.31486352338670803,
        "polarity": 0.05824742634491,
        "retweetCount": 269,
        "status_count": 45197.5924378044,
        "truth": 0,
        "tweetCount": 11,
        "urlCount": 120,
        "verified": 5.0
    },
    "news_breaking_ebola-20141022_095002-20141022_104357": {
        "ages": 93287863.27882445,
        "density": 0.00419420437214,
        "followers": 4318.551465222568,
        "friends": 1500.0273791035183,
        "hashtagCount": 55,
        "lifespan": 355,
        "mediaCount": 13,
        "mentionCount": 37,
        "objectivity": 0.21519163598602803,
        "polarity": 0.015050815503940001,
        "retweetCount": 233,
        "status_count": 37894.79195906433,
        "truth": 0,
        "tweetCount": 10,
        "urlCount": 114,
        "verified": 3.0
    },
    "news_breaking_ebola-20141024_120404-20141024_131233-20141024_133137": {
        "ages": 100015915.02943262,
        "density": 0.0060910613674430006,
        "followers": 18422.306617295748,
        "friends": 1100.7380952380954,
        "hashtagCount": 40,
        "lifespan": 231,
        "mediaCount": 8,
        "mentionCount": 35,
        "objectivity": 0.406228964550763,
        "polarity": 0.08979624139950201,
        "retweetCount": 186,
        "status_count": 38612.97453301762,
        "truth": 0,
        "tweetCount": 10,
        "urlCount": 81,
        "verified": 6.0
    },
    "news_senzo_meyiwa-20141026_162345-20141026_173013": {
        "ages": 88427030.87771739,
        "density": 0.005285487407534001,
        "followers": 1455.4728033472804,
        "friends": 831.4730158730159,
        "hashtagCount": 16,
        "lifespan": 268,
        "mediaCount": 7,
        "mentionCount": 19,
        "objectivity": 0.5692646547464231,
        "polarity": -0.35049366868570503,
        "retweetCount": 340,
        "status_count": 17786.5,
        "truth": 1,
        "tweetCount": 17,
        "urlCount": 52,
        "verified": 2.0
    },
    "next_coach_michigan-20141217_174901-20141217_191126": {
        "ages": 101766030.2383592,
        "density": 0.045413298135621005,
        "followers": 1671.25,
        "friends": 1304.3917207792206,
        "hashtagCount": 5,
        "lifespan": 53,
        "mediaCount": 2,
        "mentionCount": 6,
        "objectivity": 0.037279810298102005,
        "polarity": 0.022154471544715,
        "retweetCount": 56,
        "status_count": 15930.228961748633,
        "truth": 0,
        "tweetCount": 1,
        "urlCount": 6,
        "verified": 0.0
    },
    "ohio_state_oregon-20150101_233743-20150102_004727": {
        "ages": 89082204.71482761,
        "density": 0.000993646395643,
        "followers": 1026.647692227275,
        "friends": 590.0960781963793,
        "hashtagCount": 71,
        "lifespan": 657,
        "mediaCount": 15,
        "mentionCount": 101,
        "objectivity": 0.29805765547234303,
        "polarity": 0.077863005341575,
        "retweetCount": 857,
        "status_count": 18424.04619112651,
        "truth": 1,
        "tweetCount": 210,
        "urlCount": 77,
        "verified": 4.0
    },
    "oscar_oscars_birdman-20150223_013601-20150223_023350": {
        "ages": 115149536.1,
        "density": 0.007926905179305001,
        "followers": 18295.5,
        "friends": 958.7821782178218,
        "hashtagCount": 35,
        "lifespan": 144,
        "mediaCount": 5,
        "mentionCount": 10,
        "objectivity": 0.28655947765661505,
        "polarity": 0.459790548744663,
        "retweetCount": 143,
        "status_count": 25895.476744186046,
        "truth": 1,
        "tweetCount": 2,
        "urlCount": 58,
        "verified": 3.0
    },
    "oscar_pistorius_because-20141016_044421-20141016_060856": {
        "ages": 76244386.5,
        "density": 0.2,
        "followers": 1491.625,
        "friends": 503.0,
        "hashtagCount": 2,
        "lifespan": 5,
        "mediaCount": 1,
        "mentionCount": 0,
        "objectivity": 0.359375,
        "polarity": -0.169583333333333,
        "retweetCount": 2,
        "status_count": 12727.75,
        "truth": 0,
        "tweetCount": 0,
        "urlCount": 2,
        "verified": 0.0
    },
    "oscar_renta_fashion-20141020_221104-20141020_223146-20141020_233649": {
        "ages": 104514529.75619787,
        "density": 0.001336057184086,
        "followers": 20328.285521172762,
        "friends": 799.5089352564926,
        "hashtagCount": 113,
        "lifespan": 429,
        "mediaCount": 59,
        "mentionCount": 91,
        "objectivity": 0.449827372177372,
        "polarity": 0.21608300977528702,
        "retweetCount": 688,
        "status_count": 27550.50255103234,
        "truth": 1,
        "tweetCount": 60,
        "urlCount": 279,
        "verified": 14.0
    },
    "oscar_renta_fashion-20141021_035622-20141021_052319": {
        "ages": 103639869.01345292,
        "density": 0.001264358482259,
        "followers": 20393.113257243196,
        "friends": 810.2614445574771,
        "hashtagCount": 123,
        "lifespan": 490,
        "mediaCount": 64,
        "mentionCount": 96,
        "objectivity": 0.45070161210691806,
        "polarity": 0.216028604998334,
        "retweetCount": 721,
        "status_count": 27609.141187925998,
        "truth": 1,
        "tweetCount": 68,
        "urlCount": 304,
        "verified": 14.0
    },
    "oscars_#oscars_better-20150222_200058-20150222_205845": {
        "ages": 115048934.23014888,
        "density": 0.009286898839137001,
        "followers": 1462.1833333333334,
        "friends": 875.4741041854863,
        "hashtagCount": 54,
        "lifespan": 125,
        "mediaCount": 4,
        "mentionCount": 14,
        "objectivity": 0.488541931216931,
        "polarity": 0.33616425156128005,
        "retweetCount": 102,
        "status_count": 20605.648318629334,
        "truth": 0,
        "tweetCount": 0,
        "urlCount": 7,
        "verified": 0.0
    },
    "osu_stop_bama-20150101_233743-20150102_004727": {
        "ages": 86666919.67835821,
        "density": 0.032653061224489,
        "followers": 432.3123543123543,
        "friends": 434.01282051282055,
        "hashtagCount": 0,
        "lifespan": 69,
        "mediaCount": 2,
        "mentionCount": 2,
        "objectivity": 0.406770833333333,
        "polarity": 0.746749999999999,
        "retweetCount": 74,
        "status_count": 10902.233333333334,
        "truth": 0,
        "tweetCount": 3,
        "urlCount": 0,
        "verified": 0.0
    },
    "paris_attack_#charliehebdo-20150107_072714-20150107_085144": {
        "ages": 107851322.95398979,
        "density": 0.0015285718074880001,
        "followers": 8143.550206557966,
        "friends": 930.4593375556317,
        "hashtagCount": 158,
        "lifespan": 883,
        "mediaCount": 34,
        "mentionCount": 51,
        "objectivity": 0.29219614772927405,
        "polarity": -0.023665513653566003,
        "retweetCount": 1131,
        "status_count": 25337.64096324153,
        "truth": 1,
        "tweetCount": 0,
        "urlCount": 118,
        "verified": 14.0
    },
    "paris_attack_news-20150107_100842-20150107_112852": {
        "ages": 105524804.51773836,
        "density": 0.0013925714575130001,
        "followers": 19757.96435845214,
        "friends": 1249.912457912458,
        "hashtagCount": 160,
        "lifespan": 1004,
        "mediaCount": 40,
        "mentionCount": 97,
        "objectivity": 0.27135372168399,
        "polarity": -0.029480869142975003,
        "retweetCount": 959,
        "status_count": 45438.05088666153,
        "truth": 1,
        "tweetCount": 9,
        "urlCount": 443,
        "verified": 19.0
    },
    "parliament_police_shooting-20141022_113914-20141022_122656-20141022_123607-20141022_134245": {
        "ages": 114145131.05623657,
        "density": 0.00739842580456,
        "followers": 14029.71798936776,
        "friends": 1053.4750915750915,
        "hashtagCount": 18,
        "lifespan": 175,
        "mediaCount": 4,
        "mentionCount": 7,
        "objectivity": 0.15856413050290502,
        "polarity": 0.023727321153791003,
        "retweetCount": 174,
        "status_count": 31009.472549019607,
        "truth": 1,
        "tweetCount": 4,
        "urlCount": 54,
        "verified": 4.0
    },
    "patriots_east_afc-20141214_152337-20141214_162911": {
        "ages": 90154098.01935484,
        "density": 0.009169389845388001,
        "followers": 834.0533333333333,
        "friends": 635.7783251231527,
        "hashtagCount": 25,
        "lifespan": 142,
        "mediaCount": 6,
        "mentionCount": 15,
        "objectivity": 0.257503071625414,
        "polarity": 0.219280215708298,
        "retweetCount": 207,
        "status_count": 25682.96923076923,
        "truth": 1,
        "tweetCount": 5,
        "urlCount": 35,
        "verified": 0.0
    },
    "patriots_super_tom-20150119_105337-20150119_115612": {
        "ages": 92110256.8050736,
        "density": 0.009961685823754,
        "followers": 3166.3098095002474,
        "friends": 455.66543796076473,
        "hashtagCount": 11,
        "lifespan": 137,
        "mediaCount": 3,
        "mentionCount": 6,
        "objectivity": 0.57910101010101,
        "polarity": 0.292367424242424,
        "retweetCount": 143,
        "status_count": 18214.295110299827,
        "truth": 1,
        "tweetCount": 13,
        "urlCount": 35,
        "verified": 1.0
    },
    "plane_crash_taiwan-20150204_062513-20150204_073049": {
        "ages": 102340156.80965543,
        "density": 0.001994849619358,
        "followers": 2101.420678435369,
        "friends": 1234.593980798672,
        "hashtagCount": 72,
        "lifespan": 593,
        "mediaCount": 30,
        "mentionCount": 60,
        "objectivity": 0.398851417245199,
        "polarity": 0.024392707791584003,
        "retweetCount": 479,
        "status_count": 34720.39299585335,
        "truth": 1,
        "tweetCount": 20,
        "urlCount": 309,
        "verified": 4.0
    },
    "plane_crash_transasia-20150203_225646-20150204_000057": {
        "ages": 110728625.8888889,
        "density": 0.004653061315976001,
        "followers": 3131.6867469879517,
        "friends": 1025.557471264368,
        "hashtagCount": 50,
        "lifespan": 322,
        "mediaCount": 24,
        "mentionCount": 44,
        "objectivity": 0.327816045077553,
        "polarity": 0.006940093779122001,
        "retweetCount": 351,
        "status_count": 34566.13559322034,
        "truth": 1,
        "tweetCount": 8,
        "urlCount": 141,
        "verified": 5.0
    },
    "plane_into_crash-20150204_034733-20150204_035340-20150204_051048": {
        "ages": 103649653.04595444,
        "density": 0.007997793712079001,
        "followers": 13655.553736570108,
        "friends": 1687.5192241968557,
        "hashtagCount": 13,
        "lifespan": 177,
        "mediaCount": 9,
        "mentionCount": 13,
        "objectivity": 0.407931027742348,
        "polarity": -0.09862095312095301,
        "retweetCount": 140,
        "status_count": 39613.29830087029,
        "truth": 1,
        "tweetCount": 3,
        "urlCount": 62,
        "verified": 4.0
    },
    "plane_river_transasia-20150204_011300-20150204_022809": {
        "ages": 105140058.11156777,
        "density": 0.003596225743279,
        "followers": 11235.655733755506,
        "friends": 1060.4412972085386,
        "hashtagCount": 40,
        "lifespan": 413,
        "mediaCount": 19,
        "mentionCount": 54,
        "objectivity": 0.306139095416747,
        "polarity": -0.009473902698201002,
        "retweetCount": 385,
        "status_count": 36831.73046070461,
        "truth": 1,
        "tweetCount": 7,
        "urlCount": 169,
        "verified": 10.0
    },
    "points_record_klay-20150124_064009-20150124_073826": {
        "ages": 90429025.15223256,
        "density": 0.008435696314932,
        "followers": 848.183000634971,
        "friends": 550.6099497487437,
        "hashtagCount": 9,
        "lifespan": 277,
        "mediaCount": 7,
        "mentionCount": 14,
        "objectivity": 0.18450351731601702,
        "polarity": 0.015983531857374,
        "retweetCount": 316,
        "status_count": 17208.43907776873,
        "truth": 1,
        "tweetCount": 6,
        "urlCount": 25,
        "verified": 0.0
    },
    "police_sydney_#sydneysiege-20141215_123813-20141215_133729": {
        "ages": 110424675.16831683,
        "density": 0.006839032527105,
        "followers": 9807.605633802817,
        "friends": 1137.1774193548388,
        "hashtagCount": 43,
        "lifespan": 282,
        "mediaCount": 10,
        "mentionCount": 15,
        "objectivity": 0.27914974775439805,
        "polarity": 0.052851196273794004,
        "retweetCount": 313,
        "status_count": 32402.507092198583,
        "truth": 1,
        "tweetCount": 0,
        "urlCount": 29,
        "verified": 7.0
    },
    "president_news_obama-20150216_112809-20150216_123715": {
        "ages": 83586433.55357143,
        "density": 0.004017553272367001,
        "followers": 3747.7816091954023,
        "friends": 1154.4912280701753,
        "hashtagCount": 54,
        "lifespan": 334,
        "mediaCount": 10,
        "mentionCount": 23,
        "objectivity": 0.20288048187785002,
        "polarity": -0.002245958655533,
        "retweetCount": 143,
        "status_count": 53223.73899371069,
        "truth": 0,
        "tweetCount": 2,
        "urlCount": 205,
        "verified": 5.0
    },
    "queen_first_tweet-20141024_075554-20141024_090342": {
        "ages": 100387780.2779661,
        "density": 0.004558825219413001,
        "followers": 2422.0086206896553,
        "friends": 875.9565217391304,
        "hashtagCount": 54,
        "lifespan": 314,
        "mediaCount": 17,
        "mentionCount": 46,
        "objectivity": 0.34764538598493805,
        "polarity": 0.21242739839635102,
        "retweetCount": 235,
        "status_count": 32381.21851851852,
        "truth": 1,
        "tweetCount": 8,
        "urlCount": 159,
        "verified": 3.0
    },
    "raiders_win_game-20141120_221830-20141120_232551": {
        "ages": 88638848.92697369,
        "density": 0.011269291914630001,
        "followers": 1588.0873015873017,
        "friends": 696.1402550091075,
        "hashtagCount": 23,
        "lifespan": 87,
        "mediaCount": 3,
        "mentionCount": 17,
        "objectivity": 0.415053927553927,
        "polarity": 0.216319444444444,
        "retweetCount": 82,
        "status_count": 18408.619122257056,
        "truth": 1,
        "tweetCount": 28,
        "urlCount": 19,
        "verified": 0.0
    },
    "ravens_steelers_next-20150103_231700-20150104_001613": {
        "ages": 115572784.6875,
        "density": 0.023279790385053,
        "followers": 798.6521739130435,
        "friends": 775.1111111111111,
        "hashtagCount": 5,
        "lifespan": 58,
        "mediaCount": 1,
        "mentionCount": 5,
        "objectivity": 0.17698180565329502,
        "polarity": 0.07688739255392,
        "retweetCount": 59,
        "status_count": 37021.765957446805,
        "truth": 1,
        "tweetCount": 14,
        "urlCount": 1,
        "verified": 0.0
    },
    "republic_india_parade-20150125_233311-20150126_005114": {
        "ages": 88354849.58139534,
        "density": 0.010051425899953,
        "followers": 13139.931818181818,
        "friends": 495.6034482758621,
        "hashtagCount": 18,
        "lifespan": 130,
        "mediaCount": 3,
        "mentionCount": 5,
        "objectivity": 0.27822573469148804,
        "polarity": -0.09972287765529,
        "retweetCount": 81,
        "status_count": 49946.20437956204,
        "truth": 1,
        "tweetCount": 5,
        "urlCount": 55,
        "verified": 2.0
    },
    "retweet_year_#amas-20141019_065743-20141019_081304": {
        "ages": 52752575.67164179,
        "density": 0.029412707118798002,
        "followers": 1203.9473684210527,
        "friends": 1132.1692307692308,
        "hashtagCount": 13,
        "lifespan": 144,
        "mediaCount": 2,
        "mentionCount": 13,
        "objectivity": 0.097068098072562,
        "polarity": 0.101465886365835,
        "retweetCount": 145,
        "status_count": 11710.471544715447,
        "truth": 0,
        "tweetCount": 0,
        "urlCount": 2,
        "verified": 0.0
    },
    "rocket_after_live-20141028_190105-20141028_200824": {
        "ages": 149721023.2857143,
        "density": 0.08928571428571401,
        "followers": 5012.470588235294,
        "friends": 1147.1333333333334,
        "hashtagCount": 4,
        "lifespan": 18,
        "mediaCount": 2,
        "mentionCount": 2,
        "objectivity": 0.28098290598290504,
        "polarity": 0.028846500721500003,
        "retweetCount": 13,
        "status_count": 14391.461538461539,
        "truth": 1,
        "tweetCount": 1,
        "urlCount": 6,
        "verified": 3.0
    },
    "ronaldo_ballon_messi-20150112_125026-20150112_134603-20150112_144438": {
        "ages": 78888825.08006659,
        "density": 0.002164952424977,
        "followers": 6988.573983393655,
        "friends": 553.6746411483253,
        "hashtagCount": 75,
        "lifespan": 637,
        "mediaCount": 28,
        "mentionCount": 58,
        "objectivity": 0.202449212881311,
        "polarity": 0.20008455629594302,
        "retweetCount": 692,
        "status_count": 39382.845536419234,
        "truth": 1,
        "tweetCount": 57,
        "urlCount": 293,
        "verified": 6.0
    },
    "say_john_fox-20150116_093743-20150116_102714-20150116_112054": {
        "ages": 106608433.41316527,
        "density": 0.08333333333333301,
        "followers": 1407.3951048951049,
        "friends": 1010.9,
        "hashtagCount": 3,
        "lifespan": 19,
        "mediaCount": 2,
        "mentionCount": 4,
        "objectivity": 0.277164502164502,
        "polarity": 0.387179487179487,
        "retweetCount": 14,
        "status_count": 83660.0687134503,
        "truth": 0,
        "tweetCount": 1,
        "urlCount": 4,
        "verified": 0.0
    },
    "scott_cancer_long-20150104_092526-20150104_101520": {
        "ages": 97111259.0073645,
        "density": 0.0014433113311930002,
        "followers": 2368.8107653445127,
        "friends": 486.1907120522047,
        "hashtagCount": 10,
        "lifespan": 351,
        "mediaCount": 61,
        "mentionCount": 67,
        "objectivity": 0.40551075268817205,
        "polarity": -0.05192096711723201,
        "retweetCount": 1500,
        "status_count": 12764.416077564409,
        "truth": 1,
        "tweetCount": 9,
        "urlCount": 24,
        "verified": 6.0
    },
    "scott_stuart_close-20150105_113919-20150105_124155": {
        "ages": 114083940.54545455,
        "density": 0.066666666666666,
        "followers": 414.2857142857143,
        "friends": 570.4117647058823,
        "hashtagCount": 1,
        "lifespan": 20,
        "mediaCount": 0,
        "mentionCount": 0,
        "objectivity": 0.35454545454545405,
        "polarity": 0.0037087912087910005,
        "retweetCount": 15,
        "status_count": 12787.166666666666,
        "truth": 1,
        "tweetCount": 4,
        "urlCount": 0,
        "verified": 0.0
    },
    "scott_stuart_tonight-20150105_003254-20150105_013938-20150105_020207": {
        "ages": 100144256.97984886,
        "density": 0.004656533590732001,
        "followers": 511.0,
        "friends": 495.24874371859295,
        "hashtagCount": 9,
        "lifespan": 294,
        "mediaCount": 11,
        "mentionCount": 17,
        "objectivity": 0.5134635656623601,
        "polarity": -0.056159875049969006,
        "retweetCount": 538,
        "status_count": 15163.286082474227,
        "truth": 1,
        "tweetCount": 3,
        "urlCount": 5,
        "verified": 0.0
    },
    "scott_stuart_unc-20150105_181236-20150105_192022": {
        "ages": 101422578.64639935,
        "density": 0.0085005574136,
        "followers": 830.1662094345935,
        "friends": 470.513809341988,
        "hashtagCount": 8,
        "lifespan": 161,
        "mediaCount": 9,
        "mentionCount": 12,
        "objectivity": 0.101150793650793,
        "polarity": 0.06860842344906,
        "retweetCount": 244,
        "status_count": 20698.08373971578,
        "truth": 1,
        "tweetCount": 2,
        "urlCount": 8,
        "verified": 1.0
    },
    "senate_keystone_bill-20141118_182952-20141118_193038": {
        "ages": 108640422.06321746,
        "density": 0.004405286343612,
        "followers": 3632.5016664495397,
        "friends": 1343.1308241252302,
        "hashtagCount": 41,
        "lifespan": 227,
        "mediaCount": 11,
        "mentionCount": 38,
        "objectivity": 0.210803331264225,
        "polarity": -0.07449908810325401,
        "retweetCount": 163,
        "status_count": 41186.831431270424,
        "truth": 1,
        "tweetCount": 7,
        "urlCount": 134,
        "verified": 6.5
    },
    "senate_republicans_control-20141104_225741-20141105_001908": {
        "ages": 103003634.42805755,
        "density": 0.002734486589928,
        "followers": 4825.172897196262,
        "friends": 961.827868852459,
        "hashtagCount": 42,
        "lifespan": 270,
        "mediaCount": 10,
        "mentionCount": 34,
        "objectivity": 0.22915096281465602,
        "polarity": 0.114930382975806,
        "retweetCount": 238,
        "status_count": 37053.57636887608,
        "truth": 1,
        "tweetCount": 36,
        "urlCount": 139,
        "verified": 8.0
    },
    "senzo_south_meyiwa-20141027_010908-20141027_024639": {
        "ages": 89352726.87434044,
        "density": 0.0033523908523900004,
        "followers": 1002.3959677209593,
        "friends": 597.4736633228629,
        "hashtagCount": 26,
        "lifespan": 375,
        "mediaCount": 11,
        "mentionCount": 26,
        "objectivity": 0.45756625566893405,
        "polarity": -0.253637644129979,
        "retweetCount": 494,
        "status_count": 22272.709975016383,
        "truth": 1,
        "tweetCount": 17,
        "urlCount": 91,
        "verified": 2.0
    },
    "smith_dean_coach-20150208_083844-20150208_093052": {
        "ages": 113376985.05966587,
        "density": 0.0027074341374790003,
        "followers": 2175.7820512820513,
        "friends": 831.7326007326008,
        "hashtagCount": 36,
        "lifespan": 256,
        "mediaCount": 16,
        "mentionCount": 22,
        "objectivity": 0.553070105459976,
        "polarity": 0.359713822568603,
        "retweetCount": 507,
        "status_count": 25523.462890625,
        "truth": 1,
        "tweetCount": 26,
        "urlCount": 85,
        "verified": 9.0
    },
    "speech_jimmy_award-20150104_092526-20150104_101520": {
        "ages": 102090441.4017038,
        "density": 0.004539584393221,
        "followers": 547.47239976963,
        "friends": 501.48747593545454,
        "hashtagCount": 0,
        "lifespan": 253,
        "mediaCount": 4,
        "mentionCount": 9,
        "objectivity": 0.823399558498896,
        "polarity": 0.6556343486011,
        "retweetCount": 647,
        "status_count": 9877.113677988678,
        "truth": 1,
        "tweetCount": 0,
        "urlCount": 14,
        "verified": 2.0
    },
    "state_ohio_national-20150113_010551-20150113_023159": {
        "ages": 86431935.31410477,
        "density": 0.0015855866926770001,
        "followers": 2631.6156064004263,
        "friends": 722.9857361394513,
        "hashtagCount": 131,
        "lifespan": 1355,
        "mediaCount": 62,
        "mentionCount": 119,
        "objectivity": 0.343328892581633,
        "polarity": 0.303068642101879,
        "retweetCount": 1820,
        "status_count": 17246.68402328412,
        "truth": 1,
        "tweetCount": 104,
        "urlCount": 319,
        "verified": 5.0
    },
    "steelers_north_afc-20141228_212854-20141228_224838": {
        "ages": 87272698.27377522,
        "density": 0.009888739340076001,
        "followers": 1415.3432835820895,
        "friends": 768.3285714285714,
        "hashtagCount": 27,
        "lifespan": 192,
        "mediaCount": 9,
        "mentionCount": 18,
        "objectivity": 0.167701002243826,
        "polarity": 0.258398435791003,
        "retweetCount": 314,
        "status_count": 14389.389162561576,
        "truth": 1,
        "tweetCount": 17,
        "urlCount": 40,
        "verified": 1.0
    },
    "streak_hawks_game-20150202_215501-20150202_220839-20150202_222455-20150202_224728-20150202_225152-20150202_225510-20150202_231428-20150202_232847-20150202_233339-20150202_233703": {
        "ages": 88997280.92329346,
        "density": 0.019419630581155003,
        "followers": 1423.7986497890295,
        "friends": 654.7777777777778,
        "hashtagCount": 9,
        "lifespan": 79,
        "mediaCount": 0,
        "mentionCount": 6,
        "objectivity": 0.46588477366255104,
        "polarity": 0.320705808080808,
        "retweetCount": 55,
        "status_count": 32933.00316350316,
        "truth": 1,
        "tweetCount": 6,
        "urlCount": 22,
        "verified": 1.0
    },
    "stuart_scott_espn-20150104_223056-20150104_233041": {
        "ages": 89820170.73779385,
        "density": 0.0023491293614580004,
        "followers": 10923.55,
        "friends": 882.7313664596273,
        "hashtagCount": 43,
        "lifespan": 586,
        "mediaCount": 8,
        "mentionCount": 54,
        "objectivity": 0.5057932874997321,
        "polarity": 0.17206290651991502,
        "retweetCount": 781,
        "status_count": 17679.026438569206,
        "truth": 1,
        "tweetCount": 31,
        "urlCount": 110,
        "verified": 1.0
    },
    "suh_play_ndamukong-20141230_162954-20141230_175034": {
        "ages": 103159310.45504896,
        "density": 0.006484483557202001,
        "followers": 4828.639667607934,
        "friends": 582.356019495528,
        "hashtagCount": 14,
        "lifespan": 107,
        "mediaCount": 4,
        "mentionCount": 37,
        "objectivity": 0.194125781625781,
        "polarity": 0.10155030863405301,
        "retweetCount": 202,
        "status_count": 29110.579998145688,
        "truth": 1,
        "tweetCount": 9,
        "urlCount": 34,
        "verified": 3.0
    },
    "super_win_bowl-20150130_135705-20150130_151532": {
        "ages": 81126354.81944445,
        "density": 0.0029722310210110003,
        "followers": 2657.7894168466523,
        "friends": 1600.9481065918653,
        "hashtagCount": 73,
        "lifespan": 782,
        "mediaCount": 24,
        "mentionCount": 139,
        "objectivity": 0.5084776818437751,
        "polarity": 0.514625400520719,
        "retweetCount": 679,
        "status_count": 22312.121765601216,
        "truth": 0,
        "tweetCount": 82,
        "urlCount": 120,
        "verified": 1.0
    },
    "tcu_win_ole-20141231_141323-20141231_154326": {
        "ages": 89214925.8367347,
        "density": 0.032937948319073006,
        "followers": 730.4,
        "friends": 418.1311475409836,
        "hashtagCount": 3,
        "lifespan": 54,
        "mediaCount": 2,
        "mentionCount": 1,
        "objectivity": 0.19838667707520102,
        "polarity": 0.34997335890878,
        "retweetCount": 69,
        "status_count": 10974.285714285714,
        "truth": 1,
        "tweetCount": 3,
        "urlCount": 7,
        "verified": 0.0
    },
    "tom_delonge_blink-20150126_141134-20150126_152825": {
        "ages": 96303533.35546875,
        "density": 0.009341535657325001,
        "followers": 1130.991569086651,
        "friends": 790.6658108686349,
        "hashtagCount": 8,
        "lifespan": 123,
        "mediaCount": 5,
        "mentionCount": 14,
        "objectivity": 0.16092248706577902,
        "polarity": -0.0039083120517,
        "retweetCount": 118,
        "status_count": 26648.616837136113,
        "truth": 0,
        "tweetCount": 17,
        "urlCount": 26,
        "verified": 1.0
    },
    "total_ceo_crash-20141021_005137-20141021_022035": {
        "ages": 95856692.36844769,
        "density": 0.008130081300813,
        "followers": 6138.2050951847705,
        "friends": 1236.833695652174,
        "hashtagCount": 29,
        "lifespan": 147,
        "mediaCount": 3,
        "mentionCount": 15,
        "objectivity": 0.613014018691588,
        "polarity": -0.024494047619047003,
        "retweetCount": 74,
        "status_count": 78385.58482225088,
        "truth": 1,
        "tweetCount": 1,
        "urlCount": 90,
        "verified": 3.0
    },
    "touchdown_lions_#detvsgb-20141228_164008-20141228_174923": {
        "ages": 85079602.29285714,
        "density": 0.115384615384615,
        "followers": 352.26666666666665,
        "friends": 484.8571428571429,
        "hashtagCount": 3,
        "lifespan": 9,
        "mediaCount": 0,
        "mentionCount": 3,
        "objectivity": 0.279629629629629,
        "polarity": 0.13611111111111102,
        "retweetCount": 10,
        "status_count": 10692.111111111111,
        "truth": 0,
        "tweetCount": 0,
        "urlCount": 1,
        "verified": 0.0
    },
    "watch_trailer_teaser-20141022_213926-20141022_224704": {
        "ages": 103715113.02023971,
        "density": 0.004953890242856001,
        "followers": 746.6926110006627,
        "friends": 467.57068956485296,
        "hashtagCount": 93,
        "lifespan": 581,
        "mediaCount": 5,
        "mentionCount": 260,
        "objectivity": 0.34554790079066905,
        "polarity": 0.17514222646291,
        "retweetCount": 469,
        "status_count": 14683.854382013433,
        "truth": 0,
        "tweetCount": 1,
        "urlCount": 381,
        "verified": 0.0
    },
    "williams_brian_news-20150210_204625-20150210_215426-20150210_222243": {
        "ages": 112093070.87931034,
        "density": 0.0008187752438850001,
        "followers": 18217.403187250995,
        "friends": 2604.4825,
        "hashtagCount": 276,
        "lifespan": 1564,
        "mediaCount": 46,
        "mentionCount": 235,
        "objectivity": 0.253461484889558,
        "polarity": -0.0027367968528890004,
        "retweetCount": 1001,
        "status_count": 61803.52659294366,
        "truth": 1,
        "tweetCount": 70,
        "urlCount": 801,
        "verified": 27.0
    },
    "wilson_russell_game-20150118_181635-20150118_192118": {
        "ages": 102291904.29813278,
        "density": 0.0029878153156650002,
        "followers": 1402.629277064497,
        "friends": 578.05837352816,
        "hashtagCount": 23,
        "lifespan": 193,
        "mediaCount": 7,
        "mentionCount": 26,
        "objectivity": 0.424488612175393,
        "polarity": -0.149652996983726,
        "retweetCount": 250,
        "status_count": 20563.718345228655,
        "truth": 1,
        "tweetCount": 87,
        "urlCount": 23,
        "verified": 1.0
    },
    "win_nfc_north-20141228_185636-20141228_200329": {
        "ages": 93193864.21373627,
        "density": 0.027280477408354,
        "followers": 783.7456199460917,
        "friends": 448.69214285714287,
        "hashtagCount": 7,
        "lifespan": 95,
        "mediaCount": 5,
        "mentionCount": 12,
        "objectivity": 0.41000000000000003,
        "polarity": 0.678943883277216,
        "retweetCount": 121,
        "status_count": 19242.4335839599,
        "truth": 1,
        "tweetCount": 3,
        "urlCount": 17,
        "verified": 1.0
    },
    "world_south_africa-20141214_110208-20141214_120714": {
        "ages": 90023951.22247024,
        "density": 0.002794319743472,
        "followers": 46421.247112822035,
        "friends": 1418.9749568473712,
        "hashtagCount": 54,
        "lifespan": 281,
        "mediaCount": 17,
        "mentionCount": 40,
        "objectivity": 0.22537598204264803,
        "polarity": 0.103703703703703,
        "retweetCount": 189,
        "status_count": 37215.857179619146,
        "truth": 1,
        "tweetCount": 30,
        "urlCount": 134,
        "verified": 4.0
    },
    "year_artist_#amas-20141016_203448-20141016_213927": {
        "ages": 30604209.370776255,
        "density": 0.00276335312113,
        "followers": 709.0871033085753,
        "friends": 545.6089008766015,
        "hashtagCount": 1058,
        "lifespan": 782,
        "mediaCount": 24,
        "mentionCount": 1056,
        "objectivity": 0.08503290683108901,
        "polarity": 0.032525535993623005,
        "retweetCount": 712,
        "status_count": 14968.492362982928,
        "truth": 0,
        "tweetCount": 0,
        "urlCount": 23,
        "verified": 0.0
    },
    "year_artist_#amas-20141019_065743-20141019_081304": {
        "ages": 30593502.35227599,
        "density": 0.0014609213151100002,
        "followers": 741.2433499046965,
        "friends": 556.630768377272,
        "hashtagCount": 4459,
        "lifespan": 2707,
        "mediaCount": 135,
        "mentionCount": 4442,
        "objectivity": 0.087646914692001,
        "polarity": 0.037725381539959,
        "retweetCount": 2484,
        "status_count": 17223.840687750606,
        "truth": 0,
        "tweetCount": 0,
        "urlCount": 58,
        "verified": 0.0
    },
    "year_artist_#amas-20141023_102453-20141023_112444-20141023_120026": {
        "ages": 35635959.34022105,
        "density": 0.0010574851463270001,
        "followers": 1181.0675409233818,
        "friends": 764.0397334939164,
        "hashtagCount": 3181,
        "lifespan": 2975,
        "mediaCount": 149,
        "mentionCount": 3168,
        "objectivity": 0.125017733425888,
        "polarity": 0.05339367492921301,
        "retweetCount": 3069,
        "status_count": 18673.762575349323,
        "truth": 0,
        "tweetCount": 0,
        "urlCount": 77,
        "verified": 0.0
    },
    "year_australia_sydney-20141231_071741-20141231_081731": {
        "ages": 78800275.20353982,
        "density": 0.010591887549103,
        "followers": 1134.6792452830189,
        "friends": 805.5797101449275,
        "hashtagCount": 11,
        "lifespan": 166,
        "mediaCount": 12,
        "mentionCount": 10,
        "objectivity": 0.575205058897413,
        "polarity": 0.30823970714131105,
        "retweetCount": 160,
        "status_count": 22680.10769230769,
        "truth": 1,
        "tweetCount": 2,
        "urlCount": 19,
        "verified": 0.0
    },
    "year_city_liverpool-20141231_071741-20141231_081731": {
        "ages": 72608842.75,
        "density": 0.08928571428571401,
        "followers": 1185.107142857143,
        "friends": 593.7142857142858,
        "hashtagCount": 1,
        "lifespan": 9,
        "mediaCount": 0,
        "mentionCount": 0,
        "objectivity": 0.30233585858585804,
        "polarity": 0.14666305916305902,
        "retweetCount": 5,
        "status_count": 57693.46666666667,
        "truth": 0,
        "tweetCount": 0,
        "urlCount": 4,
        "verified": 0.0
    },
    "years_oscar_pistorius-20141021_035622-20141021_052319": {
        "ages": 107714842.34285715,
        "density": 0.043956043956043,
        "followers": 45821.05,
        "friends": 3192.0055555555555,
        "hashtagCount": 1,
        "lifespan": 17,
        "mediaCount": 4,
        "mentionCount": 4,
        "objectivity": 0.23422619047619,
        "polarity": -0.046527777777777,
        "retweetCount": 4,
        "status_count": 33963.91666666667,
        "truth": 1,
        "tweetCount": 4,
        "urlCount": 7,
        "verified": 2.0
    },
    "years_pistorius_oscar-20141021_035622-20141021_052319": {
        "ages": 100026478.08433735,
        "density": 0.002058493583497,
        "followers": 11183.208092485549,
        "friends": 1387.2526315789473,
        "hashtagCount": 58,
        "lifespan": 200,
        "mediaCount": 18,
        "mentionCount": 38,
        "objectivity": 0.15327498278401402,
        "polarity": 1.4572834644208352e-05,
        "retweetCount": 261,
        "status_count": 34430.45618556701,
        "truth": 1,
        "tweetCount": 39,
        "urlCount": 171,
        "verified": 12.0
    }
}